,name
2,Newby Wyke Bear Island
2,Newby Wyke Bear Island
0,La Rulles Jean Chris Numero 1
2,Newby Wyke Bear Island
2,Newby Wyke Bear Island
2,Newby Wyke Bear Island
0,La Rulles Jean Chris Numero 1
2,Newby Wyke Bear Island
2,Newby Wyke Bear Island
0,La Rulles Jean Chris Numero 1
2,Newby Wyke Bear Island
2,Newby Wyke Bear Island
2,Newby Wyke Bear Island
2,Newby Wyke Bear Island
2,Newby Wyke Bear Island
2,Newby Wyke Bear Island
2,Newby Wyke Bear Island
2,Newby Wyke Bear Island
2,Newby Wyke Bear Island
2,Newby Wyke Bear Island
2,Newby Wyke Bear Island
2,Newby Wyke Bear Island
2,Newby Wyke Bear Island
2,Newby Wyke Bear Island
2,Newby Wyke Bear Island
2,Newby Wyke Bear Island
2,Newby Wyke Bear Island
2,Newby Wyke Bear Island
0,La Rulles Jean Chris Numero 1
2,Newby Wyke Bear Island
0,La Rulles Jean Chris Numero 1
2,Newby Wyke Bear Island
0,La Rulles Jean Chris Numero 1
2,Newby Wyke Bear Island
0,La Rulles Jean Chris Numero 1
0,La Rulles Jean Chris Numero 1
2,Newby Wyke Bear Island
0,La Rulles Jean Chris Numero 1
0,La Rulles Jean Chris Numero 1
2,Newby Wyke Bear Island
2,Newby Wyke Bear Island
2,Newby Wyke Bear Island
2,Newby Wyke Bear Island
0,La Rulles Jean Chris Numero 1
0,La Rulles Jean Chris Numero 1
2,Newby Wyke Bear Island
2,Newby Wyke Bear Island
2,Newby Wyke Bear Island
0,La Rulles Jean Chris Numero 1
2,Newby Wyke Bear Island
2,Newby Wyke Bear Island
2,Newby Wyke Bear Island
2,Newby Wyke Bear Island
0,La Rulles Jean Chris Numero 1
2,Newby Wyke Bear Island
2,Newby Wyke Bear Island
2,Newby Wyke Bear Island
2,Newby Wyke Bear Island
0,La Rulles Jean Chris Numero 1
2,Newby Wyke Bear Island
2,Newby Wyke Bear Island
2,Newby Wyke Bear Island
2,Newby Wyke Bear Island
0,La Rulles Jean Chris Numero 1
0,La Rulles Jean Chris Numero 1
2,Newby Wyke Bear Island
0,La Rulles Jean Chris Numero 1
2,Newby Wyke Bear Island
2,Newby Wyke Bear Island
2,Newby Wyke Bear Island
2,Newby Wyke Bear Island
2,Newby Wyke Bear Island
2,Newby Wyke Bear Island
2,Newby Wyke Bear Island
2,Newby Wyke Bear Island
2,Newby Wyke Bear Island
2,Newby Wyke Bear Island
2,Newby Wyke Bear Island
2,Newby Wyke Bear Island
2,Newby Wyke Bear Island
2,Newby Wyke Bear Island
2,Newby Wyke Bear Island
2,Newby Wyke Bear Island
2,Newby Wyke Bear Island
2,Newby Wyke Bear Island
0,La Rulles Jean Chris Numero 1
2,Newby Wyke Bear Island
2,Newby Wyke Bear Island
2,Newby Wyke Bear Island
2,Newby Wyke Bear Island
2,Newby Wyke Bear Island
2,Newby Wyke Bear Island
0,La Rulles Jean Chris Numero 1
2,Newby Wyke Bear Island
0,La Rulles Jean Chris Numero 1
0,La Rulles Jean Chris Numero 1
2,Newby Wyke Bear Island
0,La Rulles Jean Chris Numero 1
2,Newby Wyke Bear Island
2,Newby Wyke Bear Island
2,Newby Wyke Bear Island
0,La Rulles Jean Chris Numero 1
2,Newby Wyke Bear Island
2,Newby Wyke Bear Island
2,Newby Wyke Bear Island
2,Newby Wyke Bear Island
2,Newby Wyke Bear Island
2,Newby Wyke Bear Island
0,La Rulles Jean Chris Numero 1
2,Newby Wyke Bear Island
2,Newby Wyke Bear Island
2,Newby Wyke Bear Island
2,Newby Wyke Bear Island
0,La Rulles Jean Chris Numero 1
2,Newby Wyke Bear Island
0,La Rulles Jean Chris Numero 1
2,Newby Wyke Bear Island
2,Newby Wyke Bear Island
0,La Rulles Jean Chris Numero 1
0,La Rulles Jean Chris Numero 1
2,Newby Wyke Bear Island
2,Newby Wyke Bear Island
2,Newby Wyke Bear Island
2,Newby Wyke Bear Island
2,Newby Wyke Bear Island
0,La Rulles Jean Chris Numero 1
0,La Rulles Jean Chris Numero 1
0,La Rulles Jean Chris Numero 1
2,Newby Wyke Bear Island
2,Newby Wyke Bear Island
2,Newby Wyke Bear Island
2,Newby Wyke Bear Island
2,Newby Wyke Bear Island
2,Newby Wyke Bear Island
2,Newby Wyke Bear Island
2,Newby Wyke Bear Island
2,Newby Wyke Bear Island
2,Newby Wyke Bear Island
2,Newby Wyke Bear Island
2,Newby Wyke Bear Island
0,La Rulles Jean Chris Numero 1
2,Newby Wyke Bear Island
2,Newby Wyke Bear Island
0,La Rulles Jean Chris Numero 1
2,Newby Wyke Bear Island
2,Newby Wyke Bear Island
2,Newby Wyke Bear Island
0,La Rulles Jean Chris Numero 1
2,Newby Wyke Bear Island
2,Newby Wyke Bear Island
2,Newby Wyke Bear Island
2,Newby Wyke Bear Island
2,Newby Wyke Bear Island
0,La Rulles Jean Chris Numero 1
2,Newby Wyke Bear Island
2,Newby Wyke Bear Island
2,Newby Wyke Bear Island
2,Newby Wyke Bear Island
0,La Rulles Jean Chris Numero 1
0,La Rulles Jean Chris Numero 1
2,Newby Wyke Bear Island
2,Newby Wyke Bear Island
2,Newby Wyke Bear Island
2,Newby Wyke Bear Island
0,La Rulles Jean Chris Numero 1
2,Newby Wyke Bear Island
2,Newby Wyke Bear Island
2,Newby Wyke Bear Island
2,Newby Wyke Bear Island
0,La Rulles Jean Chris Numero 1
2,Newby Wyke Bear Island
2,Newby Wyke Bear Island
2,Newby Wyke Bear Island
0,La Rulles Jean Chris Numero 1
2,Newby Wyke Bear Island
2,Newby Wyke Bear Island
2,Newby Wyke Bear Island
2,Newby Wyke Bear Island
2,Newby Wyke Bear Island
2,Newby Wyke Bear Island
2,Newby Wyke Bear Island
2,Newby Wyke Bear Island
2,Newby Wyke Bear Island
0,La Rulles Jean Chris Numero 1
0,La Rulles Jean Chris Numero 1
2,Newby Wyke Bear Island
2,Newby Wyke Bear Island
2,Newby Wyke Bear Island
0,La Rulles Jean Chris Numero 1
2,Newby Wyke Bear Island
2,Newby Wyke Bear Island
2,Newby Wyke Bear Island
0,La Rulles Jean Chris Numero 1
2,Newby Wyke Bear Island
2,Newby Wyke Bear Island
2,Newby Wyke Bear Island
0,La Rulles Jean Chris Numero 1
2,Newby Wyke Bear Island
2,Newby Wyke Bear Island
0,La Rulles Jean Chris Numero 1
2,Newby Wyke Bear Island
2,Newby Wyke Bear Island
2,Newby Wyke Bear Island
2,Newby Wyke Bear Island
2,Newby Wyke Bear Island
2,Newby Wyke Bear Island
0,La Rulles Jean Chris Numero 1
2,Newby Wyke Bear Island
2,Newby Wyke Bear Island
2,Newby Wyke Bear Island
2,Newby Wyke Bear Island
2,Newby Wyke Bear Island
2,Newby Wyke Bear Island
2,Newby Wyke Bear Island
2,Newby Wyke Bear Island
2,Newby Wyke Bear Island
0,La Rulles Jean Chris Numero 1
2,Newby Wyke Bear Island
2,Newby Wyke Bear Island
0,La Rulles Jean Chris Numero 1
2,Newby Wyke Bear Island
0,La Rulles Jean Chris Numero 1
2,Newby Wyke Bear Island
2,Newby Wyke Bear Island
2,Newby Wyke Bear Island
2,Newby Wyke Bear Island
2,Newby Wyke Bear Island
2,Newby Wyke Bear Island
2,Newby Wyke Bear Island
2,Newby Wyke Bear Island
2,Newby Wyke Bear Island
2,Newby Wyke Bear Island
0,La Rulles Jean Chris Numero 1
2,Newby Wyke Bear Island
2,Newby Wyke Bear Island
0,La Rulles Jean Chris Numero 1
2,Newby Wyke Bear Island
2,Newby Wyke Bear Island
0,La Rulles Jean Chris Numero 1
0,La Rulles Jean Chris Numero 1
2,Newby Wyke Bear Island
2,Newby Wyke Bear Island
2,Newby Wyke Bear Island
2,Newby Wyke Bear Island
2,Newby Wyke Bear Island
0,La Rulles Jean Chris Numero 1
2,Newby Wyke Bear Island
0,La Rulles Jean Chris Numero 1
2,Newby Wyke Bear Island
2,Newby Wyke Bear Island
2,Newby Wyke Bear Island
0,La Rulles Jean Chris Numero 1
2,Newby Wyke Bear Island
2,Newby Wyke Bear Island
2,Newby Wyke Bear Island
2,Newby Wyke Bear Island
2,Newby Wyke Bear Island
0,La Rulles Jean Chris Numero 1
2,Newby Wyke Bear Island
2,Newby Wyke Bear Island
0,La Rulles Jean Chris Numero 1
0,La Rulles Jean Chris Numero 1
2,Newby Wyke Bear Island
0,La Rulles Jean Chris Numero 1
2,Newby Wyke Bear Island
2,Newby Wyke Bear Island
2,Newby Wyke Bear Island
0,La Rulles Jean Chris Numero 1
2,Newby Wyke Bear Island
0,La Rulles Jean Chris Numero 1
2,Newby Wyke Bear Island
2,Newby Wyke Bear Island
2,Newby Wyke Bear Island
2,Newby Wyke Bear Island
2,Newby Wyke Bear Island
2,Newby Wyke Bear Island
2,Newby Wyke Bear Island
2,Newby Wyke Bear Island
2,Newby Wyke Bear Island
2,Newby Wyke Bear Island
2,Newby Wyke Bear Island
2,Newby Wyke Bear Island
0,La Rulles Jean Chris Numero 1
0,La Rulles Jean Chris Numero 1
0,La Rulles Jean Chris Numero 1
0,La Rulles Jean Chris Numero 1
0,La Rulles Jean Chris Numero 1
2,Newby Wyke Bear Island
2,Newby Wyke Bear Island
2,Newby Wyke Bear Island
2,Newby Wyke Bear Island
2,Newby Wyke Bear Island
0,La Rulles Jean Chris Numero 1
2,Newby Wyke Bear Island
0,La Rulles Jean Chris Numero 1
2,Newby Wyke Bear Island
0,La Rulles Jean Chris Numero 1
2,Newby Wyke Bear Island
2,Newby Wyke Bear Island
2,Newby Wyke Bear Island
2,Newby Wyke Bear Island
2,Newby Wyke Bear Island
0,La Rulles Jean Chris Numero 1
2,Newby Wyke Bear Island
2,Newby Wyke Bear Island
0,La Rulles Jean Chris Numero 1
0,La Rulles Jean Chris Numero 1
0,La Rulles Jean Chris Numero 1
0,La Rulles Jean Chris Numero 1
0,La Rulles Jean Chris Numero 1
2,Newby Wyke Bear Island
2,Newby Wyke Bear Island
2,Newby Wyke Bear Island
0,La Rulles Jean Chris Numero 1
2,Newby Wyke Bear Island
2,Newby Wyke Bear Island
2,Newby Wyke Bear Island
2,Newby Wyke Bear Island
2,Newby Wyke Bear Island
2,Newby Wyke Bear Island
2,Newby Wyke Bear Island
2,Newby Wyke Bear Island
2,Newby Wyke Bear Island
2,Newby Wyke Bear Island
2,Newby Wyke Bear Island
0,La Rulles Jean Chris Numero 1
0,La Rulles Jean Chris Numero 1
2,Newby Wyke Bear Island
2,Newby Wyke Bear Island
2,Newby Wyke Bear Island
2,Newby Wyke Bear Island
2,Newby Wyke Bear Island
2,Newby Wyke Bear Island
2,Newby Wyke Bear Island
2,Newby Wyke Bear Island
2,Newby Wyke Bear Island
2,Newby Wyke Bear Island
2,Newby Wyke Bear Island
2,Newby Wyke Bear Island
0,La Rulles Jean Chris Numero 1
2,Newby Wyke Bear Island
0,La Rulles Jean Chris Numero 1
2,Newby Wyke Bear Island
2,Newby Wyke Bear Island
2,Newby Wyke Bear Island
0,La Rulles Jean Chris Numero 1
2,Newby Wyke Bear Island
2,Newby Wyke Bear Island
2,Newby Wyke Bear Island
2,Newby Wyke Bear Island
2,Newby Wyke Bear Island
2,Newby Wyke Bear Island
2,Newby Wyke Bear Island
2,Newby Wyke Bear Island
0,La Rulles Jean Chris Numero 1
2,Newby Wyke Bear Island
2,Newby Wyke Bear Island
2,Newby Wyke Bear Island
2,Newby Wyke Bear Island
2,Newby Wyke Bear Island
2,Newby Wyke Bear Island
2,Newby Wyke Bear Island
2,Newby Wyke Bear Island
0,La Rulles Jean Chris Numero 1
2,Newby Wyke Bear Island
0,La Rulles Jean Chris Numero 1
2,Newby Wyke Bear Island
2,Newby Wyke Bear Island
2,Newby Wyke Bear Island
2,Newby Wyke Bear Island
2,Newby Wyke Bear Island
2,Newby Wyke Bear Island
2,Newby Wyke Bear Island
2,Newby Wyke Bear Island
0,La Rulles Jean Chris Numero 1
2,Newby Wyke Bear Island
0,La Rulles Jean Chris Numero 1
0,La Rulles Jean Chris Numero 1
2,Newby Wyke Bear Island
2,Newby Wyke Bear Island
0,La Rulles Jean Chris Numero 1
2,Newby Wyke Bear Island
2,Newby Wyke Bear Island
2,Newby Wyke Bear Island
0,La Rulles Jean Chris Numero 1
2,Newby Wyke Bear Island
2,Newby Wyke Bear Island
2,Newby Wyke Bear Island
2,Newby Wyke Bear Island
2,Newby Wyke Bear Island
0,La Rulles Jean Chris Numero 1
2,Newby Wyke Bear Island
2,Newby Wyke Bear Island
2,Newby Wyke Bear Island
2,Newby Wyke Bear Island
2,Newby Wyke Bear Island
2,Newby Wyke Bear Island
2,Newby Wyke Bear Island
2,Newby Wyke Bear Island
2,Newby Wyke Bear Island
2,Newby Wyke Bear Island
2,Newby Wyke Bear Island
2,Newby Wyke Bear Island
2,Newby Wyke Bear Island
2,Newby Wyke Bear Island
2,Newby Wyke Bear Island
2,Newby Wyke Bear Island
2,Newby Wyke Bear Island
2,Newby Wyke Bear Island
2,Newby Wyke Bear Island
2,Newby Wyke Bear Island
2,Newby Wyke Bear Island
2,Newby Wyke Bear Island
2,Newby Wyke Bear Island
2,Newby Wyke Bear Island
2,Newby Wyke Bear Island
2,Newby Wyke Bear Island
0,La Rulles Jean Chris Numero 1
2,Newby Wyke Bear Island
2,Newby Wyke Bear Island
2,Newby Wyke Bear Island
2,Newby Wyke Bear Island
2,Newby Wyke Bear Island
2,Newby Wyke Bear Island
2,Newby Wyke Bear Island
2,Newby Wyke Bear Island
0,La Rulles Jean Chris Numero 1
2,Newby Wyke Bear Island
2,Newby Wyke Bear Island
0,La Rulles Jean Chris Numero 1
2,Newby Wyke Bear Island
2,Newby Wyke Bear Island
2,Newby Wyke Bear Island
2,Newby Wyke Bear Island
2,Newby Wyke Bear Island
0,La Rulles Jean Chris Numero 1
0,La Rulles Jean Chris Numero 1
2,Newby Wyke Bear Island
2,Newby Wyke Bear Island
2,Newby Wyke Bear Island
2,Newby Wyke Bear Island
2,Newby Wyke Bear Island
2,Newby Wyke Bear Island
2,Newby Wyke Bear Island
2,Newby Wyke Bear Island
0,La Rulles Jean Chris Numero 1
2,Newby Wyke Bear Island
2,Newby Wyke Bear Island
2,Newby Wyke Bear Island
2,Newby Wyke Bear Island
2,Newby Wyke Bear Island
2,Newby Wyke Bear Island
0,La Rulles Jean Chris Numero 1
0,La Rulles Jean Chris Numero 1
2,Newby Wyke Bear Island
2,Newby Wyke Bear Island
2,Newby Wyke Bear Island
0,La Rulles Jean Chris Numero 1
0,La Rulles Jean Chris Numero 1
2,Newby Wyke Bear Island
2,Newby Wyke Bear Island
2,Newby Wyke Bear Island
0,La Rulles Jean Chris Numero 1
2,Newby Wyke Bear Island
2,Newby Wyke Bear Island
2,Newby Wyke Bear Island
2,Newby Wyke Bear Island
2,Newby Wyke Bear Island
2,Newby Wyke Bear Island
2,Newby Wyke Bear Island
2,Newby Wyke Bear Island
2,Newby Wyke Bear Island
0,La Rulles Jean Chris Numero 1
0,La Rulles Jean Chris Numero 1
2,Newby Wyke Bear Island
2,Newby Wyke Bear Island
2,Newby Wyke Bear Island
2,Newby Wyke Bear Island
0,La Rulles Jean Chris Numero 1
0,La Rulles Jean Chris Numero 1
0,La Rulles Jean Chris Numero 1
2,Newby Wyke Bear Island
2,Newby Wyke Bear Island
2,Newby Wyke Bear Island
2,Newby Wyke Bear Island
2,Newby Wyke Bear Island
2,Newby Wyke Bear Island
0,La Rulles Jean Chris Numero 1
0,La Rulles Jean Chris Numero 1
0,La Rulles Jean Chris Numero 1
0,La Rulles Jean Chris Numero 1
0,La Rulles Jean Chris Numero 1
2,Newby Wyke Bear Island
0,La Rulles Jean Chris Numero 1
2,Newby Wyke Bear Island
2,Newby Wyke Bear Island
2,Newby Wyke Bear Island
2,Newby Wyke Bear Island
2,Newby Wyke Bear Island
2,Newby Wyke Bear Island
0,La Rulles Jean Chris Numero 1
0,La Rulles Jean Chris Numero 1
2,Newby Wyke Bear Island
2,Newby Wyke Bear Island
0,La Rulles Jean Chris Numero 1
2,Newby Wyke Bear Island
2,Newby Wyke Bear Island
0,La Rulles Jean Chris Numero 1
0,La Rulles Jean Chris Numero 1
0,La Rulles Jean Chris Numero 1
2,Newby Wyke Bear Island
2,Newby Wyke Bear Island
2,Newby Wyke Bear Island
2,Newby Wyke Bear Island
0,La Rulles Jean Chris Numero 1
2,Newby Wyke Bear Island
2,Newby Wyke Bear Island
2,Newby Wyke Bear Island
2,Newby Wyke Bear Island
2,Newby Wyke Bear Island
2,Newby Wyke Bear Island
2,Newby Wyke Bear Island
0,La Rulles Jean Chris Numero 1
2,Newby Wyke Bear Island
0,La Rulles Jean Chris Numero 1
2,Newby Wyke Bear Island
2,Newby Wyke Bear Island
0,La Rulles Jean Chris Numero 1
2,Newby Wyke Bear Island
2,Newby Wyke Bear Island
0,La Rulles Jean Chris Numero 1
2,Newby Wyke Bear Island
2,Newby Wyke Bear Island
2,Newby Wyke Bear Island
2,Newby Wyke Bear Island
2,Newby Wyke Bear Island
2,Newby Wyke Bear Island
2,Newby Wyke Bear Island
2,Newby Wyke Bear Island
2,Newby Wyke Bear Island
2,Newby Wyke Bear Island
2,Newby Wyke Bear Island
2,Newby Wyke Bear Island
2,Newby Wyke Bear Island
2,Newby Wyke Bear Island
2,Newby Wyke Bear Island
2,Newby Wyke Bear Island
2,Newby Wyke Bear Island
2,Newby Wyke Bear Island
2,Newby Wyke Bear Island
2,Newby Wyke Bear Island
0,La Rulles Jean Chris Numero 1
0,La Rulles Jean Chris Numero 1
0,La Rulles Jean Chris Numero 1
2,Newby Wyke Bear Island
2,Newby Wyke Bear Island
2,Newby Wyke Bear Island
2,Newby Wyke Bear Island
0,La Rulles Jean Chris Numero 1
2,Newby Wyke Bear Island
2,Newby Wyke Bear Island
2,Newby Wyke Bear Island
0,La Rulles Jean Chris Numero 1
0,La Rulles Jean Chris Numero 1
2,Newby Wyke Bear Island
2,Newby Wyke Bear Island
2,Newby Wyke Bear Island
0,La Rulles Jean Chris Numero 1
2,Newby Wyke Bear Island
0,La Rulles Jean Chris Numero 1
0,La Rulles Jean Chris Numero 1
2,Newby Wyke Bear Island
2,Newby Wyke Bear Island
0,La Rulles Jean Chris Numero 1
2,Newby Wyke Bear Island
2,Newby Wyke Bear Island
0,La Rulles Jean Chris Numero 1
0,La Rulles Jean Chris Numero 1
2,Newby Wyke Bear Island
2,Newby Wyke Bear Island
0,La Rulles Jean Chris Numero 1
2,Newby Wyke Bear Island
2,Newby Wyke Bear Island
2,Newby Wyke Bear Island
2,Newby Wyke Bear Island
2,Newby Wyke Bear Island
2,Newby Wyke Bear Island
0,La Rulles Jean Chris Numero 1
0,La Rulles Jean Chris Numero 1
2,Newby Wyke Bear Island
2,Newby Wyke Bear Island
2,Newby Wyke Bear Island
2,Newby Wyke Bear Island
2,Newby Wyke Bear Island
2,Newby Wyke Bear Island
2,Newby Wyke Bear Island
2,Newby Wyke Bear Island
2,Newby Wyke Bear Island
2,Newby Wyke Bear Island
0,La Rulles Jean Chris Numero 1
2,Newby Wyke Bear Island
0,La Rulles Jean Chris Numero 1
2,Newby Wyke Bear Island
2,Newby Wyke Bear Island
2,Newby Wyke Bear Island
2,Newby Wyke Bear Island
2,Newby Wyke Bear Island
2,Newby Wyke Bear Island
2,Newby Wyke Bear Island
2,Newby Wyke Bear Island
2,Newby Wyke Bear Island
2,Newby Wyke Bear Island
0,La Rulles Jean Chris Numero 1
2,Newby Wyke Bear Island
2,Newby Wyke Bear Island
2,Newby Wyke Bear Island
0,La Rulles Jean Chris Numero 1
2,Newby Wyke Bear Island
2,Newby Wyke Bear Island
2,Newby Wyke Bear Island
2,Newby Wyke Bear Island
2,Newby Wyke Bear Island
2,Newby Wyke Bear Island
2,Newby Wyke Bear Island
2,Newby Wyke Bear Island
0,La Rulles Jean Chris Numero 1
2,Newby Wyke Bear Island
2,Newby Wyke Bear Island
2,Newby Wyke Bear Island
2,Newby Wyke Bear Island
0,La Rulles Jean Chris Numero 1
2,Newby Wyke Bear Island
0,La Rulles Jean Chris Numero 1
0,La Rulles Jean Chris Numero 1
2,Newby Wyke Bear Island
2,Newby Wyke Bear Island
0,La Rulles Jean Chris Numero 1
2,Newby Wyke Bear Island
2,Newby Wyke Bear Island
2,Newby Wyke Bear Island
2,Newby Wyke Bear Island
2,Newby Wyke Bear Island
2,Newby Wyke Bear Island
2,Newby Wyke Bear Island
2,Newby Wyke Bear Island
2,Newby Wyke Bear Island
2,Newby Wyke Bear Island
2,Newby Wyke Bear Island
2,Newby Wyke Bear Island
0,La Rulles Jean Chris Numero 1
2,Newby Wyke Bear Island
2,Newby Wyke Bear Island
2,Newby Wyke Bear Island
0,La Rulles Jean Chris Numero 1
0,La Rulles Jean Chris Numero 1
2,Newby Wyke Bear Island
2,Newby Wyke Bear Island
2,Newby Wyke Bear Island
2,Newby Wyke Bear Island
2,Newby Wyke Bear Island
2,Newby Wyke Bear Island
2,Newby Wyke Bear Island
2,Newby Wyke Bear Island
0,La Rulles Jean Chris Numero 1
0,La Rulles Jean Chris Numero 1
0,La Rulles Jean Chris Numero 1
2,Newby Wyke Bear Island
2,Newby Wyke Bear Island
0,La Rulles Jean Chris Numero 1
2,Newby Wyke Bear Island
0,La Rulles Jean Chris Numero 1
2,Newby Wyke Bear Island
0,La Rulles Jean Chris Numero 1
2,Newby Wyke Bear Island
2,Newby Wyke Bear Island
2,Newby Wyke Bear Island
0,La Rulles Jean Chris Numero 1
2,Newby Wyke Bear Island
2,Newby Wyke Bear Island
2,Newby Wyke Bear Island
2,Newby Wyke Bear Island
2,Newby Wyke Bear Island
0,La Rulles Jean Chris Numero 1
2,Newby Wyke Bear Island
2,Newby Wyke Bear Island
0,La Rulles Jean Chris Numero 1
2,Newby Wyke Bear Island
2,Newby Wyke Bear Island
2,Newby Wyke Bear Island
2,Newby Wyke Bear Island
2,Newby Wyke Bear Island
2,Newby Wyke Bear Island
2,Newby Wyke Bear Island
0,La Rulles Jean Chris Numero 1
2,Newby Wyke Bear Island
2,Newby Wyke Bear Island
2,Newby Wyke Bear Island
2,Newby Wyke Bear Island
2,Newby Wyke Bear Island
2,Newby Wyke Bear Island
2,Newby Wyke Bear Island
2,Newby Wyke Bear Island
2,Newby Wyke Bear Island
2,Newby Wyke Bear Island
0,La Rulles Jean Chris Numero 1
2,Newby Wyke Bear Island
2,Newby Wyke Bear Island
2,Newby Wyke Bear Island
2,Newby Wyke Bear Island
2,Newby Wyke Bear Island
2,Newby Wyke Bear Island
2,Newby Wyke Bear Island
2,Newby Wyke Bear Island
2,Newby Wyke Bear Island
2,Newby Wyke Bear Island
2,Newby Wyke Bear Island
2,Newby Wyke Bear Island
0,La Rulles Jean Chris Numero 1
2,Newby Wyke Bear Island
2,Newby Wyke Bear Island
2,Newby Wyke Bear Island
0,La Rulles Jean Chris Numero 1
0,La Rulles Jean Chris Numero 1
2,Newby Wyke Bear Island
0,La Rulles Jean Chris Numero 1
2,Newby Wyke Bear Island
2,Newby Wyke Bear Island
2,Newby Wyke Bear Island
2,Newby Wyke Bear Island
2,Newby Wyke Bear Island
2,Newby Wyke Bear Island
2,Newby Wyke Bear Island
2,Newby Wyke Bear Island
2,Newby Wyke Bear Island
2,Newby Wyke Bear Island
2,Newby Wyke Bear Island
2,Newby Wyke Bear Island
2,Newby Wyke Bear Island
2,Newby Wyke Bear Island
2,Newby Wyke Bear Island
2,Newby Wyke Bear Island
2,Newby Wyke Bear Island
2,Newby Wyke Bear Island
2,Newby Wyke Bear Island
0,La Rulles Jean Chris Numero 1
2,Newby Wyke Bear Island
2,Newby Wyke Bear Island
2,Newby Wyke Bear Island
2,Newby Wyke Bear Island
2,Newby Wyke Bear Island
2,Newby Wyke Bear Island
0,La Rulles Jean Chris Numero 1
2,Newby Wyke Bear Island
2,Newby Wyke Bear Island
2,Newby Wyke Bear Island
2,Newby Wyke Bear Island
2,Newby Wyke Bear Island
2,Newby Wyke Bear Island
2,Newby Wyke Bear Island
0,La Rulles Jean Chris Numero 1
2,Newby Wyke Bear Island
2,Newby Wyke Bear Island
2,Newby Wyke Bear Island
2,Newby Wyke Bear Island
2,Newby Wyke Bear Island
2,Newby Wyke Bear Island
2,Newby Wyke Bear Island
2,Newby Wyke Bear Island
2,Newby Wyke Bear Island
2,Newby Wyke Bear Island
2,Newby Wyke Bear Island
2,Newby Wyke Bear Island
2,Newby Wyke Bear Island
2,Newby Wyke Bear Island
2,Newby Wyke Bear Island
2,Newby Wyke Bear Island
2,Newby Wyke Bear Island
2,Newby Wyke Bear Island
0,La Rulles Jean Chris Numero 1
2,Newby Wyke Bear Island
2,Newby Wyke Bear Island
2,Newby Wyke Bear Island
2,Newby Wyke Bear Island
2,Newby Wyke Bear Island
2,Newby Wyke Bear Island
0,La Rulles Jean Chris Numero 1
0,La Rulles Jean Chris Numero 1
2,Newby Wyke Bear Island
2,Newby Wyke Bear Island
2,Newby Wyke Bear Island
2,Newby Wyke Bear Island
2,Newby Wyke Bear Island
2,Newby Wyke Bear Island
0,La Rulles Jean Chris Numero 1
2,Newby Wyke Bear Island
2,Newby Wyke Bear Island
2,Newby Wyke Bear Island
2,Newby Wyke Bear Island
2,Newby Wyke Bear Island
2,Newby Wyke Bear Island
2,Newby Wyke Bear Island
0,La Rulles Jean Chris Numero 1
2,Newby Wyke Bear Island
2,Newby Wyke Bear Island
2,Newby Wyke Bear Island
2,Newby Wyke Bear Island
0,La Rulles Jean Chris Numero 1
2,Newby Wyke Bear Island
0,La Rulles Jean Chris Numero 1
2,Newby Wyke Bear Island
2,Newby Wyke Bear Island
2,Newby Wyke Bear Island
2,Newby Wyke Bear Island
2,Newby Wyke Bear Island
2,Newby Wyke Bear Island
2,Newby Wyke Bear Island
0,La Rulles Jean Chris Numero 1
0,La Rulles Jean Chris Numero 1
0,La Rulles Jean Chris Numero 1
2,Newby Wyke Bear Island
0,La Rulles Jean Chris Numero 1
2,Newby Wyke Bear Island
2,Newby Wyke Bear Island
2,Newby Wyke Bear Island
2,Newby Wyke Bear Island
0,La Rulles Jean Chris Numero 1
0,La Rulles Jean Chris Numero 1
0,La Rulles Jean Chris Numero 1
2,Newby Wyke Bear Island
2,Newby Wyke Bear Island
2,Newby Wyke Bear Island
2,Newby Wyke Bear Island
2,Newby Wyke Bear Island
2,Newby Wyke Bear Island
2,Newby Wyke Bear Island
2,Newby Wyke Bear Island
2,Newby Wyke Bear Island
0,La Rulles Jean Chris Numero 1
2,Newby Wyke Bear Island
0,La Rulles Jean Chris Numero 1
2,Newby Wyke Bear Island
0,La Rulles Jean Chris Numero 1
2,Newby Wyke Bear Island
2,Newby Wyke Bear Island
2,Newby Wyke Bear Island
2,Newby Wyke Bear Island
2,Newby Wyke Bear Island
2,Newby Wyke Bear Island
0,La Rulles Jean Chris Numero 1
2,Newby Wyke Bear Island
2,Newby Wyke Bear Island
0,La Rulles Jean Chris Numero 1
2,Newby Wyke Bear Island
2,Newby Wyke Bear Island
2,Newby Wyke Bear Island
0,La Rulles Jean Chris Numero 1
2,Newby Wyke Bear Island
0,La Rulles Jean Chris Numero 1
2,Newby Wyke Bear Island
2,Newby Wyke Bear Island
0,La Rulles Jean Chris Numero 1
2,Newby Wyke Bear Island
2,Newby Wyke Bear Island
2,Newby Wyke Bear Island
2,Newby Wyke Bear Island
2,Newby Wyke Bear Island
2,Newby Wyke Bear Island
2,Newby Wyke Bear Island
0,La Rulles Jean Chris Numero 1
2,Newby Wyke Bear Island
2,Newby Wyke Bear Island
2,Newby Wyke Bear Island
2,Newby Wyke Bear Island
2,Newby Wyke Bear Island
2,Newby Wyke Bear Island
2,Newby Wyke Bear Island
0,La Rulles Jean Chris Numero 1
0,La Rulles Jean Chris Numero 1
0,La Rulles Jean Chris Numero 1
2,Newby Wyke Bear Island
0,La Rulles Jean Chris Numero 1
2,Newby Wyke Bear Island
2,Newby Wyke Bear Island
2,Newby Wyke Bear Island
2,Newby Wyke Bear Island
2,Newby Wyke Bear Island
0,La Rulles Jean Chris Numero 1
2,Newby Wyke Bear Island
2,Newby Wyke Bear Island
0,La Rulles Jean Chris Numero 1
2,Newby Wyke Bear Island
2,Newby Wyke Bear Island
2,Newby Wyke Bear Island
0,La Rulles Jean Chris Numero 1
2,Newby Wyke Bear Island
0,La Rulles Jean Chris Numero 1
0,La Rulles Jean Chris Numero 1
0,La Rulles Jean Chris Numero 1
2,Newby Wyke Bear Island
2,Newby Wyke Bear Island
2,Newby Wyke Bear Island
2,Newby Wyke Bear Island
2,Newby Wyke Bear Island
2,Newby Wyke Bear Island
2,Newby Wyke Bear Island
2,Newby Wyke Bear Island
2,Newby Wyke Bear Island
2,Newby Wyke Bear Island
0,La Rulles Jean Chris Numero 1
2,Newby Wyke Bear Island
2,Newby Wyke Bear Island
0,La Rulles Jean Chris Numero 1
2,Newby Wyke Bear Island
0,La Rulles Jean Chris Numero 1
2,Newby Wyke Bear Island
2,Newby Wyke Bear Island
2,Newby Wyke Bear Island
2,Newby Wyke Bear Island
2,Newby Wyke Bear Island
2,Newby Wyke Bear Island
0,La Rulles Jean Chris Numero 1
2,Newby Wyke Bear Island
2,Newby Wyke Bear Island
2,Newby Wyke Bear Island
0,La Rulles Jean Chris Numero 1
2,Newby Wyke Bear Island
2,Newby Wyke Bear Island
0,La Rulles Jean Chris Numero 1
2,Newby Wyke Bear Island
2,Newby Wyke Bear Island
2,Newby Wyke Bear Island
2,Newby Wyke Bear Island
2,Newby Wyke Bear Island
2,Newby Wyke Bear Island
2,Newby Wyke Bear Island
2,Newby Wyke Bear Island
2,Newby Wyke Bear Island
0,La Rulles Jean Chris Numero 1
2,Newby Wyke Bear Island
2,Newby Wyke Bear Island
2,Newby Wyke Bear Island
2,Newby Wyke Bear Island
2,Newby Wyke Bear Island
0,La Rulles Jean Chris Numero 1
2,Newby Wyke Bear Island
0,La Rulles Jean Chris Numero 1
2,Newby Wyke Bear Island
2,Newby Wyke Bear Island
2,Newby Wyke Bear Island
2,Newby Wyke Bear Island
2,Newby Wyke Bear Island
2,Newby Wyke Bear Island
2,Newby Wyke Bear Island
2,Newby Wyke Bear Island
0,La Rulles Jean Chris Numero 1
2,Newby Wyke Bear Island
0,La Rulles Jean Chris Numero 1
2,Newby Wyke Bear Island
2,Newby Wyke Bear Island
2,Newby Wyke Bear Island
2,Newby Wyke Bear Island
2,Newby Wyke Bear Island
2,Newby Wyke Bear Island
2,Newby Wyke Bear Island
2,Newby Wyke Bear Island
0,La Rulles Jean Chris Numero 1
2,Newby Wyke Bear Island
0,La Rulles Jean Chris Numero 1
2,Newby Wyke Bear Island
2,Newby Wyke Bear Island
2,Newby Wyke Bear Island
2,Newby Wyke Bear Island
0,La Rulles Jean Chris Numero 1
0,La Rulles Jean Chris Numero 1
2,Newby Wyke Bear Island
2,Newby Wyke Bear Island
2,Newby Wyke Bear Island
2,Newby Wyke Bear Island
2,Newby Wyke Bear Island
2,Newby Wyke Bear Island
2,Newby Wyke Bear Island
0,La Rulles Jean Chris Numero 1
0,La Rulles Jean Chris Numero 1
2,Newby Wyke Bear Island
0,La Rulles Jean Chris Numero 1
2,Newby Wyke Bear Island
2,Newby Wyke Bear Island
2,Newby Wyke Bear Island
2,Newby Wyke Bear Island
2,Newby Wyke Bear Island
2,Newby Wyke Bear Island
2,Newby Wyke Bear Island
2,Newby Wyke Bear Island
0,La Rulles Jean Chris Numero 1
2,Newby Wyke Bear Island
0,La Rulles Jean Chris Numero 1
0,La Rulles Jean Chris Numero 1
2,Newby Wyke Bear Island
0,La Rulles Jean Chris Numero 1
2,Newby Wyke Bear Island
2,Newby Wyke Bear Island
2,Newby Wyke Bear Island
2,Newby Wyke Bear Island
2,Newby Wyke Bear Island
2,Newby Wyke Bear Island
2,Newby Wyke Bear Island
2,Newby Wyke Bear Island
2,Newby Wyke Bear Island
2,Newby Wyke Bear Island
2,Newby Wyke Bear Island
2,Newby Wyke Bear Island
2,Newby Wyke Bear Island
2,Newby Wyke Bear Island
2,Newby Wyke Bear Island
2,Newby Wyke Bear Island
2,Newby Wyke Bear Island
2,Newby Wyke Bear Island
2,Newby Wyke Bear Island
2,Newby Wyke Bear Island
2,Newby Wyke Bear Island
2,Newby Wyke Bear Island
2,Newby Wyke Bear Island
2,Newby Wyke Bear Island
2,Newby Wyke Bear Island
2,Newby Wyke Bear Island
2,Newby Wyke Bear Island
0,La Rulles Jean Chris Numero 1
0,La Rulles Jean Chris Numero 1
0,La Rulles Jean Chris Numero 1
2,Newby Wyke Bear Island
2,Newby Wyke Bear Island
2,Newby Wyke Bear Island
0,La Rulles Jean Chris Numero 1
2,Newby Wyke Bear Island
2,Newby Wyke Bear Island
0,La Rulles Jean Chris Numero 1
2,Newby Wyke Bear Island
2,Newby Wyke Bear Island
2,Newby Wyke Bear Island
2,Newby Wyke Bear Island
2,Newby Wyke Bear Island
0,La Rulles Jean Chris Numero 1
2,Newby Wyke Bear Island
0,La Rulles Jean Chris Numero 1
0,La Rulles Jean Chris Numero 1
0,La Rulles Jean Chris Numero 1
2,Newby Wyke Bear Island
2,Newby Wyke Bear Island
0,La Rulles Jean Chris Numero 1
2,Newby Wyke Bear Island
2,Newby Wyke Bear Island
2,Newby Wyke Bear Island
2,Newby Wyke Bear Island
2,Newby Wyke Bear Island
2,Newby Wyke Bear Island
0,La Rulles Jean Chris Numero 1
2,Newby Wyke Bear Island
2,Newby Wyke Bear Island
2,Newby Wyke Bear Island
2,Newby Wyke Bear Island
0,La Rulles Jean Chris Numero 1
2,Newby Wyke Bear Island
0,La Rulles Jean Chris Numero 1
2,Newby Wyke Bear Island
2,Newby Wyke Bear Island
2,Newby Wyke Bear Island
2,Newby Wyke Bear Island
2,Newby Wyke Bear Island
2,Newby Wyke Bear Island
2,Newby Wyke Bear Island
2,Newby Wyke Bear Island
2,Newby Wyke Bear Island
2,Newby Wyke Bear Island
2,Newby Wyke Bear Island
2,Newby Wyke Bear Island
0,La Rulles Jean Chris Numero 1
2,Newby Wyke Bear Island
2,Newby Wyke Bear Island
2,Newby Wyke Bear Island
0,La Rulles Jean Chris Numero 1
2,Newby Wyke Bear Island
2,Newby Wyke Bear Island
2,Newby Wyke Bear Island
0,La Rulles Jean Chris Numero 1
2,Newby Wyke Bear Island
2,Newby Wyke Bear Island
0,La Rulles Jean Chris Numero 1
2,Newby Wyke Bear Island
2,Newby Wyke Bear Island
2,Newby Wyke Bear Island
2,Newby Wyke Bear Island
2,Newby Wyke Bear Island
2,Newby Wyke Bear Island
0,La Rulles Jean Chris Numero 1
2,Newby Wyke Bear Island
2,Newby Wyke Bear Island
2,Newby Wyke Bear Island
2,Newby Wyke Bear Island
2,Newby Wyke Bear Island
0,La Rulles Jean Chris Numero 1
2,Newby Wyke Bear Island
2,Newby Wyke Bear Island
2,Newby Wyke Bear Island
2,Newby Wyke Bear Island
2,Newby Wyke Bear Island
0,La Rulles Jean Chris Numero 1
2,Newby Wyke Bear Island
0,La Rulles Jean Chris Numero 1
2,Newby Wyke Bear Island
2,Newby Wyke Bear Island
0,La Rulles Jean Chris Numero 1
2,Newby Wyke Bear Island
2,Newby Wyke Bear Island
2,Newby Wyke Bear Island
2,Newby Wyke Bear Island
2,Newby Wyke Bear Island
0,La Rulles Jean Chris Numero 1
2,Newby Wyke Bear Island
2,Newby Wyke Bear Island
2,Newby Wyke Bear Island
2,Newby Wyke Bear Island
2,Newby Wyke Bear Island
0,La Rulles Jean Chris Numero 1
0,La Rulles Jean Chris Numero 1
2,Newby Wyke Bear Island
2,Newby Wyke Bear Island
0,La Rulles Jean Chris Numero 1
2,Newby Wyke Bear Island
0,La Rulles Jean Chris Numero 1
0,La Rulles Jean Chris Numero 1
2,Newby Wyke Bear Island
2,Newby Wyke Bear Island
0,La Rulles Jean Chris Numero 1
2,Newby Wyke Bear Island
2,Newby Wyke Bear Island
2,Newby Wyke Bear Island
2,Newby Wyke Bear Island
2,Newby Wyke Bear Island
2,Newby Wyke Bear Island
2,Newby Wyke Bear Island
2,Newby Wyke Bear Island
2,Newby Wyke Bear Island
0,La Rulles Jean Chris Numero 1
2,Newby Wyke Bear Island
2,Newby Wyke Bear Island
0,La Rulles Jean Chris Numero 1
2,Newby Wyke Bear Island
2,Newby Wyke Bear Island
2,Newby Wyke Bear Island
2,Newby Wyke Bear Island
0,La Rulles Jean Chris Numero 1
2,Newby Wyke Bear Island
2,Newby Wyke Bear Island
2,Newby Wyke Bear Island
2,Newby Wyke Bear Island
0,La Rulles Jean Chris Numero 1
2,Newby Wyke Bear Island
0,La Rulles Jean Chris Numero 1
2,Newby Wyke Bear Island
2,Newby Wyke Bear Island
0,La Rulles Jean Chris Numero 1
2,Newby Wyke Bear Island
0,La Rulles Jean Chris Numero 1
2,Newby Wyke Bear Island
0,La Rulles Jean Chris Numero 1
2,Newby Wyke Bear Island
2,Newby Wyke Bear Island
0,La Rulles Jean Chris Numero 1
2,Newby Wyke Bear Island
2,Newby Wyke Bear Island
0,La Rulles Jean Chris Numero 1
2,Newby Wyke Bear Island
2,Newby Wyke Bear Island
2,Newby Wyke Bear Island
0,La Rulles Jean Chris Numero 1
2,Newby Wyke Bear Island
2,Newby Wyke Bear Island
2,Newby Wyke Bear Island
2,Newby Wyke Bear Island
0,La Rulles Jean Chris Numero 1
2,Newby Wyke Bear Island
2,Newby Wyke Bear Island
2,Newby Wyke Bear Island
0,La Rulles Jean Chris Numero 1
2,Newby Wyke Bear Island
0,La Rulles Jean Chris Numero 1
2,Newby Wyke Bear Island
2,Newby Wyke Bear Island
2,Newby Wyke Bear Island
0,La Rulles Jean Chris Numero 1
2,Newby Wyke Bear Island
2,Newby Wyke Bear Island
2,Newby Wyke Bear Island
2,Newby Wyke Bear Island
2,Newby Wyke Bear Island
2,Newby Wyke Bear Island
2,Newby Wyke Bear Island
2,Newby Wyke Bear Island
0,La Rulles Jean Chris Numero 1
2,Newby Wyke Bear Island
2,Newby Wyke Bear Island
0,La Rulles Jean Chris Numero 1
2,Newby Wyke Bear Island
0,La Rulles Jean Chris Numero 1
2,Newby Wyke Bear Island
2,Newby Wyke Bear Island
2,Newby Wyke Bear Island
2,Newby Wyke Bear Island
0,La Rulles Jean Chris Numero 1
2,Newby Wyke Bear Island
2,Newby Wyke Bear Island
2,Newby Wyke Bear Island
2,Newby Wyke Bear Island
2,Newby Wyke Bear Island
2,Newby Wyke Bear Island
2,Newby Wyke Bear Island
2,Newby Wyke Bear Island
0,La Rulles Jean Chris Numero 1
2,Newby Wyke Bear Island
2,Newby Wyke Bear Island
2,Newby Wyke Bear Island
0,La Rulles Jean Chris Numero 1
2,Newby Wyke Bear Island
0,La Rulles Jean Chris Numero 1
2,Newby Wyke Bear Island
2,Newby Wyke Bear Island
2,Newby Wyke Bear Island
2,Newby Wyke Bear Island
2,Newby Wyke Bear Island
0,La Rulles Jean Chris Numero 1
2,Newby Wyke Bear Island
2,Newby Wyke Bear Island
0,La Rulles Jean Chris Numero 1
2,Newby Wyke Bear Island
2,Newby Wyke Bear Island
2,Newby Wyke Bear Island
2,Newby Wyke Bear Island
2,Newby Wyke Bear Island
2,Newby Wyke Bear Island
0,La Rulles Jean Chris Numero 1
2,Newby Wyke Bear Island
0,La Rulles Jean Chris Numero 1
2,Newby Wyke Bear Island
2,Newby Wyke Bear Island
0,La Rulles Jean Chris Numero 1
0,La Rulles Jean Chris Numero 1
2,Newby Wyke Bear Island
0,La Rulles Jean Chris Numero 1
0,La Rulles Jean Chris Numero 1
2,Newby Wyke Bear Island
0,La Rulles Jean Chris Numero 1
0,La Rulles Jean Chris Numero 1
2,Newby Wyke Bear Island
2,Newby Wyke Bear Island
2,Newby Wyke Bear Island
2,Newby Wyke Bear Island
0,La Rulles Jean Chris Numero 1
2,Newby Wyke Bear Island
2,Newby Wyke Bear Island
2,Newby Wyke Bear Island
0,La Rulles Jean Chris Numero 1
0,La Rulles Jean Chris Numero 1
2,Newby Wyke Bear Island
2,Newby Wyke Bear Island
2,Newby Wyke Bear Island
2,Newby Wyke Bear Island
2,Newby Wyke Bear Island
0,La Rulles Jean Chris Numero 1
2,Newby Wyke Bear Island
2,Newby Wyke Bear Island
0,La Rulles Jean Chris Numero 1
2,Newby Wyke Bear Island
0,La Rulles Jean Chris Numero 1
2,Newby Wyke Bear Island
0,La Rulles Jean Chris Numero 1
2,Newby Wyke Bear Island
0,La Rulles Jean Chris Numero 1
2,Newby Wyke Bear Island
0,La Rulles Jean Chris Numero 1
2,Newby Wyke Bear Island
1,Shipyard Export Ale
2,Newby Wyke Bear Island
2,Newby Wyke Bear Island
2,Newby Wyke Bear Island
2,Newby Wyke Bear Island
2,Newby Wyke Bear Island
0,La Rulles Jean Chris Numero 1
2,Newby Wyke Bear Island
2,Newby Wyke Bear Island
2,Newby Wyke Bear Island
2,Newby Wyke Bear Island
2,Newby Wyke Bear Island
2,Newby Wyke Bear Island
0,La Rulles Jean Chris Numero 1
2,Newby Wyke Bear Island
2,Newby Wyke Bear Island
2,Newby Wyke Bear Island
0,La Rulles Jean Chris Numero 1
0,La Rulles Jean Chris Numero 1
2,Newby Wyke Bear Island
2,Newby Wyke Bear Island
2,Newby Wyke Bear Island
2,Newby Wyke Bear Island
0,La Rulles Jean Chris Numero 1
2,Newby Wyke Bear Island
2,Newby Wyke Bear Island
2,Newby Wyke Bear Island
0,La Rulles Jean Chris Numero 1
2,Newby Wyke Bear Island
2,Newby Wyke Bear Island
2,Newby Wyke Bear Island
2,Newby Wyke Bear Island
2,Newby Wyke Bear Island
0,La Rulles Jean Chris Numero 1
2,Newby Wyke Bear Island
2,Newby Wyke Bear Island
2,Newby Wyke Bear Island
0,La Rulles Jean Chris Numero 1
2,Newby Wyke Bear Island
2,Newby Wyke Bear Island
2,Newby Wyke Bear Island
2,Newby Wyke Bear Island
2,Newby Wyke Bear Island
2,Newby Wyke Bear Island
2,Newby Wyke Bear Island
0,La Rulles Jean Chris Numero 1
2,Newby Wyke Bear Island
2,Newby Wyke Bear Island
0,La Rulles Jean Chris Numero 1
2,Newby Wyke Bear Island
2,Newby Wyke Bear Island
0,La Rulles Jean Chris Numero 1
2,Newby Wyke Bear Island
2,Newby Wyke Bear Island
2,Newby Wyke Bear Island
2,Newby Wyke Bear Island
2,Newby Wyke Bear Island
2,Newby Wyke Bear Island
2,Newby Wyke Bear Island
0,La Rulles Jean Chris Numero 1
0,La Rulles Jean Chris Numero 1
2,Newby Wyke Bear Island
2,Newby Wyke Bear Island
0,La Rulles Jean Chris Numero 1
2,Newby Wyke Bear Island
0,La Rulles Jean Chris Numero 1
2,Newby Wyke Bear Island
2,Newby Wyke Bear Island
2,Newby Wyke Bear Island
2,Newby Wyke Bear Island
2,Newby Wyke Bear Island
0,La Rulles Jean Chris Numero 1
0,La Rulles Jean Chris Numero 1
2,Newby Wyke Bear Island
2,Newby Wyke Bear Island
2,Newby Wyke Bear Island
2,Newby Wyke Bear Island
2,Newby Wyke Bear Island
0,La Rulles Jean Chris Numero 1
2,Newby Wyke Bear Island
2,Newby Wyke Bear Island
2,Newby Wyke Bear Island
0,La Rulles Jean Chris Numero 1
2,Newby Wyke Bear Island
0,La Rulles Jean Chris Numero 1
2,Newby Wyke Bear Island
2,Newby Wyke Bear Island
2,Newby Wyke Bear Island
0,La Rulles Jean Chris Numero 1
0,La Rulles Jean Chris Numero 1
2,Newby Wyke Bear Island
2,Newby Wyke Bear Island
0,La Rulles Jean Chris Numero 1
2,Newby Wyke Bear Island
2,Newby Wyke Bear Island
2,Newby Wyke Bear Island
2,Newby Wyke Bear Island
2,Newby Wyke Bear Island
0,La Rulles Jean Chris Numero 1
2,Newby Wyke Bear Island
0,La Rulles Jean Chris Numero 1
0,La Rulles Jean Chris Numero 1
0,La Rulles Jean Chris Numero 1
0,La Rulles Jean Chris Numero 1
2,Newby Wyke Bear Island
2,Newby Wyke Bear Island
0,La Rulles Jean Chris Numero 1
2,Newby Wyke Bear Island
0,La Rulles Jean Chris Numero 1
2,Newby Wyke Bear Island
0,La Rulles Jean Chris Numero 1
0,La Rulles Jean Chris Numero 1
2,Newby Wyke Bear Island
2,Newby Wyke Bear Island
0,La Rulles Jean Chris Numero 1
0,La Rulles Jean Chris Numero 1
2,Newby Wyke Bear Island
2,Newby Wyke Bear Island
2,Newby Wyke Bear Island
2,Newby Wyke Bear Island
2,Newby Wyke Bear Island
0,La Rulles Jean Chris Numero 1
2,Newby Wyke Bear Island
2,Newby Wyke Bear Island
2,Newby Wyke Bear Island
2,Newby Wyke Bear Island
0,La Rulles Jean Chris Numero 1
2,Newby Wyke Bear Island
2,Newby Wyke Bear Island
2,Newby Wyke Bear Island
2,Newby Wyke Bear Island
2,Newby Wyke Bear Island
2,Newby Wyke Bear Island
2,Newby Wyke Bear Island
2,Newby Wyke Bear Island
2,Newby Wyke Bear Island
2,Newby Wyke Bear Island
2,Newby Wyke Bear Island
2,Newby Wyke Bear Island
2,Newby Wyke Bear Island
0,La Rulles Jean Chris Numero 1
2,Newby Wyke Bear Island
0,La Rulles Jean Chris Numero 1
2,Newby Wyke Bear Island
0,La Rulles Jean Chris Numero 1
2,Newby Wyke Bear Island
2,Newby Wyke Bear Island
2,Newby Wyke Bear Island
0,La Rulles Jean Chris Numero 1
2,Newby Wyke Bear Island
2,Newby Wyke Bear Island
2,Newby Wyke Bear Island
2,Newby Wyke Bear Island
2,Newby Wyke Bear Island
2,Newby Wyke Bear Island
2,Newby Wyke Bear Island
2,Newby Wyke Bear Island
2,Newby Wyke Bear Island
2,Newby Wyke Bear Island
0,La Rulles Jean Chris Numero 1
0,La Rulles Jean Chris Numero 1
2,Newby Wyke Bear Island
2,Newby Wyke Bear Island
2,Newby Wyke Bear Island
2,Newby Wyke Bear Island
2,Newby Wyke Bear Island
2,Newby Wyke Bear Island
0,La Rulles Jean Chris Numero 1
2,Newby Wyke Bear Island
0,La Rulles Jean Chris Numero 1
2,Newby Wyke Bear Island
0,La Rulles Jean Chris Numero 1
2,Newby Wyke Bear Island
2,Newby Wyke Bear Island
0,La Rulles Jean Chris Numero 1
2,Newby Wyke Bear Island
2,Newby Wyke Bear Island
0,La Rulles Jean Chris Numero 1
2,Newby Wyke Bear Island
2,Newby Wyke Bear Island
2,Newby Wyke Bear Island
0,La Rulles Jean Chris Numero 1
2,Newby Wyke Bear Island
2,Newby Wyke Bear Island
0,La Rulles Jean Chris Numero 1
2,Newby Wyke Bear Island
2,Newby Wyke Bear Island
2,Newby Wyke Bear Island
2,Newby Wyke Bear Island
0,La Rulles Jean Chris Numero 1
0,La Rulles Jean Chris Numero 1
0,La Rulles Jean Chris Numero 1
2,Newby Wyke Bear Island
2,Newby Wyke Bear Island
0,La Rulles Jean Chris Numero 1
0,La Rulles Jean Chris Numero 1
2,Newby Wyke Bear Island
2,Newby Wyke Bear Island
0,La Rulles Jean Chris Numero 1
0,La Rulles Jean Chris Numero 1
2,Newby Wyke Bear Island
2,Newby Wyke Bear Island
2,Newby Wyke Bear Island
2,Newby Wyke Bear Island
2,Newby Wyke Bear Island
2,Newby Wyke Bear Island
2,Newby Wyke Bear Island
2,Newby Wyke Bear Island
2,Newby Wyke Bear Island
2,Newby Wyke Bear Island
2,Newby Wyke Bear Island
2,Newby Wyke Bear Island
2,Newby Wyke Bear Island
2,Newby Wyke Bear Island
2,Newby Wyke Bear Island
2,Newby Wyke Bear Island
2,Newby Wyke Bear Island
2,Newby Wyke Bear Island
2,Newby Wyke Bear Island
2,Newby Wyke Bear Island
2,Newby Wyke Bear Island
2,Newby Wyke Bear Island
2,Newby Wyke Bear Island
2,Newby Wyke Bear Island
2,Newby Wyke Bear Island
2,Newby Wyke Bear Island
2,Newby Wyke Bear Island
2,Newby Wyke Bear Island
0,La Rulles Jean Chris Numero 1
2,Newby Wyke Bear Island
2,Newby Wyke Bear Island
0,La Rulles Jean Chris Numero 1
2,Newby Wyke Bear Island
2,Newby Wyke Bear Island
0,La Rulles Jean Chris Numero 1
2,Newby Wyke Bear Island
2,Newby Wyke Bear Island
2,Newby Wyke Bear Island
2,Newby Wyke Bear Island
2,Newby Wyke Bear Island
0,La Rulles Jean Chris Numero 1
2,Newby Wyke Bear Island
2,Newby Wyke Bear Island
2,Newby Wyke Bear Island
2,Newby Wyke Bear Island
2,Newby Wyke Bear Island
0,La Rulles Jean Chris Numero 1
2,Newby Wyke Bear Island
2,Newby Wyke Bear Island
2,Newby Wyke Bear Island
2,Newby Wyke Bear Island
0,La Rulles Jean Chris Numero 1
0,La Rulles Jean Chris Numero 1
2,Newby Wyke Bear Island
2,Newby Wyke Bear Island
0,La Rulles Jean Chris Numero 1
2,Newby Wyke Bear Island
2,Newby Wyke Bear Island
2,Newby Wyke Bear Island
0,La Rulles Jean Chris Numero 1
0,La Rulles Jean Chris Numero 1
2,Newby Wyke Bear Island
0,La Rulles Jean Chris Numero 1
2,Newby Wyke Bear Island
2,Newby Wyke Bear Island
2,Newby Wyke Bear Island
2,Newby Wyke Bear Island
2,Newby Wyke Bear Island
2,Newby Wyke Bear Island
2,Newby Wyke Bear Island
2,Newby Wyke Bear Island
2,Newby Wyke Bear Island
2,Newby Wyke Bear Island
2,Newby Wyke Bear Island
0,La Rulles Jean Chris Numero 1
2,Newby Wyke Bear Island
0,La Rulles Jean Chris Numero 1
0,La Rulles Jean Chris Numero 1
2,Newby Wyke Bear Island
2,Newby Wyke Bear Island
2,Newby Wyke Bear Island
2,Newby Wyke Bear Island
2,Newby Wyke Bear Island
2,Newby Wyke Bear Island
0,La Rulles Jean Chris Numero 1
0,La Rulles Jean Chris Numero 1
2,Newby Wyke Bear Island
0,La Rulles Jean Chris Numero 1
2,Newby Wyke Bear Island
0,La Rulles Jean Chris Numero 1
2,Newby Wyke Bear Island
0,La Rulles Jean Chris Numero 1
2,Newby Wyke Bear Island
0,La Rulles Jean Chris Numero 1
2,Newby Wyke Bear Island
2,Newby Wyke Bear Island
2,Newby Wyke Bear Island
2,Newby Wyke Bear Island
0,La Rulles Jean Chris Numero 1
2,Newby Wyke Bear Island
2,Newby Wyke Bear Island
0,La Rulles Jean Chris Numero 1
0,La Rulles Jean Chris Numero 1
0,La Rulles Jean Chris Numero 1
0,La Rulles Jean Chris Numero 1
2,Newby Wyke Bear Island
2,Newby Wyke Bear Island
2,Newby Wyke Bear Island
2,Newby Wyke Bear Island
2,Newby Wyke Bear Island
2,Newby Wyke Bear Island
2,Newby Wyke Bear Island
2,Newby Wyke Bear Island
2,Newby Wyke Bear Island
0,La Rulles Jean Chris Numero 1
0,La Rulles Jean Chris Numero 1
2,Newby Wyke Bear Island
0,La Rulles Jean Chris Numero 1
2,Newby Wyke Bear Island
0,La Rulles Jean Chris Numero 1
2,Newby Wyke Bear Island
2,Newby Wyke Bear Island
2,Newby Wyke Bear Island
2,Newby Wyke Bear Island
2,Newby Wyke Bear Island
2,Newby Wyke Bear Island
2,Newby Wyke Bear Island
0,La Rulles Jean Chris Numero 1
0,La Rulles Jean Chris Numero 1
2,Newby Wyke Bear Island
0,La Rulles Jean Chris Numero 1
2,Newby Wyke Bear Island
2,Newby Wyke Bear Island
2,Newby Wyke Bear Island
0,La Rulles Jean Chris Numero 1
0,La Rulles Jean Chris Numero 1
2,Newby Wyke Bear Island
2,Newby Wyke Bear Island
2,Newby Wyke Bear Island
2,Newby Wyke Bear Island
2,Newby Wyke Bear Island
2,Newby Wyke Bear Island
2,Newby Wyke Bear Island
2,Newby Wyke Bear Island
2,Newby Wyke Bear Island
2,Newby Wyke Bear Island
2,Newby Wyke Bear Island
1,Shipyard Export Ale
2,Newby Wyke Bear Island
2,Newby Wyke Bear Island
2,Newby Wyke Bear Island
2,Newby Wyke Bear Island
0,La Rulles Jean Chris Numero 1
2,Newby Wyke Bear Island
0,La Rulles Jean Chris Numero 1
2,Newby Wyke Bear Island
2,Newby Wyke Bear Island
2,Newby Wyke Bear Island
2,Newby Wyke Bear Island
2,Newby Wyke Bear Island
2,Newby Wyke Bear Island
2,Newby Wyke Bear Island
0,La Rulles Jean Chris Numero 1
2,Newby Wyke Bear Island
0,La Rulles Jean Chris Numero 1
0,La Rulles Jean Chris Numero 1
2,Newby Wyke Bear Island
2,Newby Wyke Bear Island
2,Newby Wyke Bear Island
0,La Rulles Jean Chris Numero 1
2,Newby Wyke Bear Island
2,Newby Wyke Bear Island
2,Newby Wyke Bear Island
2,Newby Wyke Bear Island
2,Newby Wyke Bear Island
2,Newby Wyke Bear Island
2,Newby Wyke Bear Island
2,Newby Wyke Bear Island
2,Newby Wyke Bear Island
2,Newby Wyke Bear Island
2,Newby Wyke Bear Island
2,Newby Wyke Bear Island
2,Newby Wyke Bear Island
0,La Rulles Jean Chris Numero 1
2,Newby Wyke Bear Island
2,Newby Wyke Bear Island
2,Newby Wyke Bear Island
2,Newby Wyke Bear Island
2,Newby Wyke Bear Island
2,Newby Wyke Bear Island
2,Newby Wyke Bear Island
2,Newby Wyke Bear Island
0,La Rulles Jean Chris Numero 1
2,Newby Wyke Bear Island
2,Newby Wyke Bear Island
2,Newby Wyke Bear Island
2,Newby Wyke Bear Island
2,Newby Wyke Bear Island
2,Newby Wyke Bear Island
2,Newby Wyke Bear Island
0,La Rulles Jean Chris Numero 1
2,Newby Wyke Bear Island
2,Newby Wyke Bear Island
2,Newby Wyke Bear Island
0,La Rulles Jean Chris Numero 1
2,Newby Wyke Bear Island
2,Newby Wyke Bear Island
2,Newby Wyke Bear Island
2,Newby Wyke Bear Island
2,Newby Wyke Bear Island
2,Newby Wyke Bear Island
2,Newby Wyke Bear Island
2,Newby Wyke Bear Island
2,Newby Wyke Bear Island
0,La Rulles Jean Chris Numero 1
2,Newby Wyke Bear Island
2,Newby Wyke Bear Island
2,Newby Wyke Bear Island
0,La Rulles Jean Chris Numero 1
2,Newby Wyke Bear Island
2,Newby Wyke Bear Island
2,Newby Wyke Bear Island
2,Newby Wyke Bear Island
2,Newby Wyke Bear Island
2,Newby Wyke Bear Island
0,La Rulles Jean Chris Numero 1
2,Newby Wyke Bear Island
2,Newby Wyke Bear Island
0,La Rulles Jean Chris Numero 1
2,Newby Wyke Bear Island
0,La Rulles Jean Chris Numero 1
2,Newby Wyke Bear Island
2,Newby Wyke Bear Island
2,Newby Wyke Bear Island
0,La Rulles Jean Chris Numero 1
2,Newby Wyke Bear Island
2,Newby Wyke Bear Island
0,La Rulles Jean Chris Numero 1
2,Newby Wyke Bear Island
2,Newby Wyke Bear Island
0,La Rulles Jean Chris Numero 1
0,La Rulles Jean Chris Numero 1
0,La Rulles Jean Chris Numero 1
0,La Rulles Jean Chris Numero 1
2,Newby Wyke Bear Island
2,Newby Wyke Bear Island
2,Newby Wyke Bear Island
2,Newby Wyke Bear Island
0,La Rulles Jean Chris Numero 1
2,Newby Wyke Bear Island
0,La Rulles Jean Chris Numero 1
2,Newby Wyke Bear Island
0,La Rulles Jean Chris Numero 1
0,La Rulles Jean Chris Numero 1
2,Newby Wyke Bear Island
0,La Rulles Jean Chris Numero 1
2,Newby Wyke Bear Island
2,Newby Wyke Bear Island
2,Newby Wyke Bear Island
2,Newby Wyke Bear Island
0,La Rulles Jean Chris Numero 1
2,Newby Wyke Bear Island
0,La Rulles Jean Chris Numero 1
2,Newby Wyke Bear Island
2,Newby Wyke Bear Island
2,Newby Wyke Bear Island
2,Newby Wyke Bear Island
2,Newby Wyke Bear Island
0,La Rulles Jean Chris Numero 1
2,Newby Wyke Bear Island
2,Newby Wyke Bear Island
2,Newby Wyke Bear Island
2,Newby Wyke Bear Island
2,Newby Wyke Bear Island
2,Newby Wyke Bear Island
2,Newby Wyke Bear Island
2,Newby Wyke Bear Island
2,Newby Wyke Bear Island
2,Newby Wyke Bear Island
2,Newby Wyke Bear Island
2,Newby Wyke Bear Island
2,Newby Wyke Bear Island
0,La Rulles Jean Chris Numero 1
2,Newby Wyke Bear Island
0,La Rulles Jean Chris Numero 1
0,La Rulles Jean Chris Numero 1
0,La Rulles Jean Chris Numero 1
2,Newby Wyke Bear Island
2,Newby Wyke Bear Island
2,Newby Wyke Bear Island
2,Newby Wyke Bear Island
2,Newby Wyke Bear Island
0,La Rulles Jean Chris Numero 1
2,Newby Wyke Bear Island
2,Newby Wyke Bear Island
2,Newby Wyke Bear Island
0,La Rulles Jean Chris Numero 1
2,Newby Wyke Bear Island
0,La Rulles Jean Chris Numero 1
2,Newby Wyke Bear Island
2,Newby Wyke Bear Island
2,Newby Wyke Bear Island
2,Newby Wyke Bear Island
2,Newby Wyke Bear Island
0,La Rulles Jean Chris Numero 1
2,Newby Wyke Bear Island
0,La Rulles Jean Chris Numero 1
0,La Rulles Jean Chris Numero 1
2,Newby Wyke Bear Island
2,Newby Wyke Bear Island
0,La Rulles Jean Chris Numero 1
2,Newby Wyke Bear Island
2,Newby Wyke Bear Island
2,Newby Wyke Bear Island
0,La Rulles Jean Chris Numero 1
0,La Rulles Jean Chris Numero 1
2,Newby Wyke Bear Island
2,Newby Wyke Bear Island
2,Newby Wyke Bear Island
2,Newby Wyke Bear Island
2,Newby Wyke Bear Island
2,Newby Wyke Bear Island
2,Newby Wyke Bear Island
2,Newby Wyke Bear Island
2,Newby Wyke Bear Island
0,La Rulles Jean Chris Numero 1
2,Newby Wyke Bear Island
0,La Rulles Jean Chris Numero 1
2,Newby Wyke Bear Island
0,La Rulles Jean Chris Numero 1
2,Newby Wyke Bear Island
2,Newby Wyke Bear Island
2,Newby Wyke Bear Island
2,Newby Wyke Bear Island
0,La Rulles Jean Chris Numero 1
2,Newby Wyke Bear Island
2,Newby Wyke Bear Island
2,Newby Wyke Bear Island
0,La Rulles Jean Chris Numero 1
0,La Rulles Jean Chris Numero 1
2,Newby Wyke Bear Island
2,Newby Wyke Bear Island
2,Newby Wyke Bear Island
0,La Rulles Jean Chris Numero 1
2,Newby Wyke Bear Island
2,Newby Wyke Bear Island
2,Newby Wyke Bear Island
2,Newby Wyke Bear Island
2,Newby Wyke Bear Island
2,Newby Wyke Bear Island
2,Newby Wyke Bear Island
2,Newby Wyke Bear Island
2,Newby Wyke Bear Island
2,Newby Wyke Bear Island
2,Newby Wyke Bear Island
2,Newby Wyke Bear Island
2,Newby Wyke Bear Island
2,Newby Wyke Bear Island
0,La Rulles Jean Chris Numero 1
2,Newby Wyke Bear Island
2,Newby Wyke Bear Island
2,Newby Wyke Bear Island
2,Newby Wyke Bear Island
2,Newby Wyke Bear Island
2,Newby Wyke Bear Island
2,Newby Wyke Bear Island
2,Newby Wyke Bear Island
2,Newby Wyke Bear Island
2,Newby Wyke Bear Island
2,Newby Wyke Bear Island
2,Newby Wyke Bear Island
2,Newby Wyke Bear Island
2,Newby Wyke Bear Island
0,La Rulles Jean Chris Numero 1
2,Newby Wyke Bear Island
0,La Rulles Jean Chris Numero 1
0,La Rulles Jean Chris Numero 1
2,Newby Wyke Bear Island
0,La Rulles Jean Chris Numero 1
0,La Rulles Jean Chris Numero 1
2,Newby Wyke Bear Island
2,Newby Wyke Bear Island
2,Newby Wyke Bear Island
2,Newby Wyke Bear Island
2,Newby Wyke Bear Island
2,Newby Wyke Bear Island
2,Newby Wyke Bear Island
2,Newby Wyke Bear Island
2,Newby Wyke Bear Island
2,Newby Wyke Bear Island
2,Newby Wyke Bear Island
2,Newby Wyke Bear Island
0,La Rulles Jean Chris Numero 1
0,La Rulles Jean Chris Numero 1
2,Newby Wyke Bear Island
2,Newby Wyke Bear Island
2,Newby Wyke Bear Island
2,Newby Wyke Bear Island
2,Newby Wyke Bear Island
2,Newby Wyke Bear Island
2,Newby Wyke Bear Island
2,Newby Wyke Bear Island
2,Newby Wyke Bear Island
2,Newby Wyke Bear Island
2,Newby Wyke Bear Island
2,Newby Wyke Bear Island
2,Newby Wyke Bear Island
2,Newby Wyke Bear Island
2,Newby Wyke Bear Island
2,Newby Wyke Bear Island
0,La Rulles Jean Chris Numero 1
0,La Rulles Jean Chris Numero 1
0,La Rulles Jean Chris Numero 1
0,La Rulles Jean Chris Numero 1
2,Newby Wyke Bear Island
2,Newby Wyke Bear Island
2,Newby Wyke Bear Island
0,La Rulles Jean Chris Numero 1
2,Newby Wyke Bear Island
2,Newby Wyke Bear Island
0,La Rulles Jean Chris Numero 1
2,Newby Wyke Bear Island
2,Newby Wyke Bear Island
2,Newby Wyke Bear Island
2,Newby Wyke Bear Island
2,Newby Wyke Bear Island
2,Newby Wyke Bear Island
2,Newby Wyke Bear Island
2,Newby Wyke Bear Island
0,La Rulles Jean Chris Numero 1
2,Newby Wyke Bear Island
0,La Rulles Jean Chris Numero 1
2,Newby Wyke Bear Island
2,Newby Wyke Bear Island
2,Newby Wyke Bear Island
0,La Rulles Jean Chris Numero 1
2,Newby Wyke Bear Island
2,Newby Wyke Bear Island
2,Newby Wyke Bear Island
2,Newby Wyke Bear Island
0,La Rulles Jean Chris Numero 1
2,Newby Wyke Bear Island
0,La Rulles Jean Chris Numero 1
0,La Rulles Jean Chris Numero 1
2,Newby Wyke Bear Island
2,Newby Wyke Bear Island
0,La Rulles Jean Chris Numero 1
0,La Rulles Jean Chris Numero 1
0,La Rulles Jean Chris Numero 1
2,Newby Wyke Bear Island
2,Newby Wyke Bear Island
2,Newby Wyke Bear Island
2,Newby Wyke Bear Island
2,Newby Wyke Bear Island
0,La Rulles Jean Chris Numero 1
2,Newby Wyke Bear Island
0,La Rulles Jean Chris Numero 1
2,Newby Wyke Bear Island
2,Newby Wyke Bear Island
2,Newby Wyke Bear Island
2,Newby Wyke Bear Island
0,La Rulles Jean Chris Numero 1
2,Newby Wyke Bear Island
0,La Rulles Jean Chris Numero 1
2,Newby Wyke Bear Island
0,La Rulles Jean Chris Numero 1
2,Newby Wyke Bear Island
0,La Rulles Jean Chris Numero 1
2,Newby Wyke Bear Island
2,Newby Wyke Bear Island
2,Newby Wyke Bear Island
2,Newby Wyke Bear Island
0,La Rulles Jean Chris Numero 1
2,Newby Wyke Bear Island
0,La Rulles Jean Chris Numero 1
2,Newby Wyke Bear Island
2,Newby Wyke Bear Island
2,Newby Wyke Bear Island
2,Newby Wyke Bear Island
2,Newby Wyke Bear Island
2,Newby Wyke Bear Island
2,Newby Wyke Bear Island
0,La Rulles Jean Chris Numero 1
2,Newby Wyke Bear Island
0,La Rulles Jean Chris Numero 1
0,La Rulles Jean Chris Numero 1
2,Newby Wyke Bear Island
2,Newby Wyke Bear Island
0,La Rulles Jean Chris Numero 1
2,Newby Wyke Bear Island
2,Newby Wyke Bear Island
2,Newby Wyke Bear Island
2,Newby Wyke Bear Island
2,Newby Wyke Bear Island
0,La Rulles Jean Chris Numero 1
2,Newby Wyke Bear Island
2,Newby Wyke Bear Island
2,Newby Wyke Bear Island
2,Newby Wyke Bear Island
2,Newby Wyke Bear Island
2,Newby Wyke Bear Island
2,Newby Wyke Bear Island
2,Newby Wyke Bear Island
2,Newby Wyke Bear Island
2,Newby Wyke Bear Island
0,La Rulles Jean Chris Numero 1
0,La Rulles Jean Chris Numero 1
2,Newby Wyke Bear Island
2,Newby Wyke Bear Island
0,La Rulles Jean Chris Numero 1
2,Newby Wyke Bear Island
0,La Rulles Jean Chris Numero 1
2,Newby Wyke Bear Island
0,La Rulles Jean Chris Numero 1
2,Newby Wyke Bear Island
2,Newby Wyke Bear Island
2,Newby Wyke Bear Island
2,Newby Wyke Bear Island
0,La Rulles Jean Chris Numero 1
0,La Rulles Jean Chris Numero 1
2,Newby Wyke Bear Island
2,Newby Wyke Bear Island
0,La Rulles Jean Chris Numero 1
0,La Rulles Jean Chris Numero 1
0,La Rulles Jean Chris Numero 1
2,Newby Wyke Bear Island
2,Newby Wyke Bear Island
0,La Rulles Jean Chris Numero 1
2,Newby Wyke Bear Island
2,Newby Wyke Bear Island
2,Newby Wyke Bear Island
2,Newby Wyke Bear Island
2,Newby Wyke Bear Island
2,Newby Wyke Bear Island
0,La Rulles Jean Chris Numero 1
2,Newby Wyke Bear Island
2,Newby Wyke Bear Island
0,La Rulles Jean Chris Numero 1
0,La Rulles Jean Chris Numero 1
2,Newby Wyke Bear Island
2,Newby Wyke Bear Island
2,Newby Wyke Bear Island
2,Newby Wyke Bear Island
1,Shipyard Export Ale
2,Newby Wyke Bear Island
2,Newby Wyke Bear Island
2,Newby Wyke Bear Island
2,Newby Wyke Bear Island
2,Newby Wyke Bear Island
2,Newby Wyke Bear Island
2,Newby Wyke Bear Island
0,La Rulles Jean Chris Numero 1
2,Newby Wyke Bear Island
2,Newby Wyke Bear Island
2,Newby Wyke Bear Island
2,Newby Wyke Bear Island
2,Newby Wyke Bear Island
2,Newby Wyke Bear Island
0,La Rulles Jean Chris Numero 1
2,Newby Wyke Bear Island
2,Newby Wyke Bear Island
2,Newby Wyke Bear Island
0,La Rulles Jean Chris Numero 1
0,La Rulles Jean Chris Numero 1
0,La Rulles Jean Chris Numero 1
0,La Rulles Jean Chris Numero 1
0,La Rulles Jean Chris Numero 1
2,Newby Wyke Bear Island
2,Newby Wyke Bear Island
0,La Rulles Jean Chris Numero 1
0,La Rulles Jean Chris Numero 1
0,La Rulles Jean Chris Numero 1
2,Newby Wyke Bear Island
2,Newby Wyke Bear Island
2,Newby Wyke Bear Island
2,Newby Wyke Bear Island
0,La Rulles Jean Chris Numero 1
2,Newby Wyke Bear Island
0,La Rulles Jean Chris Numero 1
2,Newby Wyke Bear Island
0,La Rulles Jean Chris Numero 1
2,Newby Wyke Bear Island
2,Newby Wyke Bear Island
0,La Rulles Jean Chris Numero 1
2,Newby Wyke Bear Island
0,La Rulles Jean Chris Numero 1
2,Newby Wyke Bear Island
2,Newby Wyke Bear Island
2,Newby Wyke Bear Island
2,Newby Wyke Bear Island
2,Newby Wyke Bear Island
2,Newby Wyke Bear Island
2,Newby Wyke Bear Island
2,Newby Wyke Bear Island
2,Newby Wyke Bear Island
2,Newby Wyke Bear Island
2,Newby Wyke Bear Island
2,Newby Wyke Bear Island
2,Newby Wyke Bear Island
2,Newby Wyke Bear Island
0,La Rulles Jean Chris Numero 1
2,Newby Wyke Bear Island
2,Newby Wyke Bear Island
2,Newby Wyke Bear Island
0,La Rulles Jean Chris Numero 1
0,La Rulles Jean Chris Numero 1
2,Newby Wyke Bear Island
2,Newby Wyke Bear Island
2,Newby Wyke Bear Island
2,Newby Wyke Bear Island
2,Newby Wyke Bear Island
2,Newby Wyke Bear Island
2,Newby Wyke Bear Island
2,Newby Wyke Bear Island
2,Newby Wyke Bear Island
0,La Rulles Jean Chris Numero 1
2,Newby Wyke Bear Island
2,Newby Wyke Bear Island
2,Newby Wyke Bear Island
2,Newby Wyke Bear Island
2,Newby Wyke Bear Island
2,Newby Wyke Bear Island
2,Newby Wyke Bear Island
2,Newby Wyke Bear Island
2,Newby Wyke Bear Island
2,Newby Wyke Bear Island
2,Newby Wyke Bear Island
2,Newby Wyke Bear Island
0,La Rulles Jean Chris Numero 1
2,Newby Wyke Bear Island
2,Newby Wyke Bear Island
0,La Rulles Jean Chris Numero 1
2,Newby Wyke Bear Island
2,Newby Wyke Bear Island
0,La Rulles Jean Chris Numero 1
2,Newby Wyke Bear Island
2,Newby Wyke Bear Island
2,Newby Wyke Bear Island
2,Newby Wyke Bear Island
2,Newby Wyke Bear Island
2,Newby Wyke Bear Island
0,La Rulles Jean Chris Numero 1
2,Newby Wyke Bear Island
0,La Rulles Jean Chris Numero 1
2,Newby Wyke Bear Island
2,Newby Wyke Bear Island
0,La Rulles Jean Chris Numero 1
2,Newby Wyke Bear Island
2,Newby Wyke Bear Island
2,Newby Wyke Bear Island
2,Newby Wyke Bear Island
2,Newby Wyke Bear Island
2,Newby Wyke Bear Island
2,Newby Wyke Bear Island
0,La Rulles Jean Chris Numero 1
2,Newby Wyke Bear Island
0,La Rulles Jean Chris Numero 1
2,Newby Wyke Bear Island
2,Newby Wyke Bear Island
0,La Rulles Jean Chris Numero 1
2,Newby Wyke Bear Island
2,Newby Wyke Bear Island
2,Newby Wyke Bear Island
2,Newby Wyke Bear Island
2,Newby Wyke Bear Island
2,Newby Wyke Bear Island
2,Newby Wyke Bear Island
0,La Rulles Jean Chris Numero 1
2,Newby Wyke Bear Island
2,Newby Wyke Bear Island
0,La Rulles Jean Chris Numero 1
2,Newby Wyke Bear Island
2,Newby Wyke Bear Island
2,Newby Wyke Bear Island
2,Newby Wyke Bear Island
2,Newby Wyke Bear Island
2,Newby Wyke Bear Island
2,Newby Wyke Bear Island
2,Newby Wyke Bear Island
2,Newby Wyke Bear Island
2,Newby Wyke Bear Island
2,Newby Wyke Bear Island
0,La Rulles Jean Chris Numero 1
2,Newby Wyke Bear Island
2,Newby Wyke Bear Island
2,Newby Wyke Bear Island
0,La Rulles Jean Chris Numero 1
2,Newby Wyke Bear Island
2,Newby Wyke Bear Island
2,Newby Wyke Bear Island
2,Newby Wyke Bear Island
2,Newby Wyke Bear Island
2,Newby Wyke Bear Island
2,Newby Wyke Bear Island
2,Newby Wyke Bear Island
0,La Rulles Jean Chris Numero 1
2,Newby Wyke Bear Island
2,Newby Wyke Bear Island
2,Newby Wyke Bear Island
2,Newby Wyke Bear Island
2,Newby Wyke Bear Island
2,Newby Wyke Bear Island
0,La Rulles Jean Chris Numero 1
2,Newby Wyke Bear Island
2,Newby Wyke Bear Island
2,Newby Wyke Bear Island
0,La Rulles Jean Chris Numero 1
2,Newby Wyke Bear Island
2,Newby Wyke Bear Island
2,Newby Wyke Bear Island
2,Newby Wyke Bear Island
2,Newby Wyke Bear Island
0,La Rulles Jean Chris Numero 1
2,Newby Wyke Bear Island
2,Newby Wyke Bear Island
0,La Rulles Jean Chris Numero 1
2,Newby Wyke Bear Island
0,La Rulles Jean Chris Numero 1
2,Newby Wyke Bear Island
2,Newby Wyke Bear Island
2,Newby Wyke Bear Island
0,La Rulles Jean Chris Numero 1
0,La Rulles Jean Chris Numero 1
2,Newby Wyke Bear Island
2,Newby Wyke Bear Island
2,Newby Wyke Bear Island
2,Newby Wyke Bear Island
2,Newby Wyke Bear Island
2,Newby Wyke Bear Island
2,Newby Wyke Bear Island
2,Newby Wyke Bear Island
2,Newby Wyke Bear Island
2,Newby Wyke Bear Island
0,La Rulles Jean Chris Numero 1
2,Newby Wyke Bear Island
2,Newby Wyke Bear Island
2,Newby Wyke Bear Island
2,Newby Wyke Bear Island
2,Newby Wyke Bear Island
2,Newby Wyke Bear Island
2,Newby Wyke Bear Island
2,Newby Wyke Bear Island
2,Newby Wyke Bear Island
2,Newby Wyke Bear Island
2,Newby Wyke Bear Island
2,Newby Wyke Bear Island
2,Newby Wyke Bear Island
0,La Rulles Jean Chris Numero 1
2,Newby Wyke Bear Island
2,Newby Wyke Bear Island
0,La Rulles Jean Chris Numero 1
2,Newby Wyke Bear Island
0,La Rulles Jean Chris Numero 1
0,La Rulles Jean Chris Numero 1
0,La Rulles Jean Chris Numero 1
2,Newby Wyke Bear Island
0,La Rulles Jean Chris Numero 1
0,La Rulles Jean Chris Numero 1
2,Newby Wyke Bear Island
2,Newby Wyke Bear Island
0,La Rulles Jean Chris Numero 1
2,Newby Wyke Bear Island
2,Newby Wyke Bear Island
0,La Rulles Jean Chris Numero 1
2,Newby Wyke Bear Island
0,La Rulles Jean Chris Numero 1
2,Newby Wyke Bear Island
2,Newby Wyke Bear Island
2,Newby Wyke Bear Island
2,Newby Wyke Bear Island
0,La Rulles Jean Chris Numero 1
2,Newby Wyke Bear Island
2,Newby Wyke Bear Island
2,Newby Wyke Bear Island
0,La Rulles Jean Chris Numero 1
2,Newby Wyke Bear Island
2,Newby Wyke Bear Island
2,Newby Wyke Bear Island
2,Newby Wyke Bear Island
2,Newby Wyke Bear Island
0,La Rulles Jean Chris Numero 1
2,Newby Wyke Bear Island
2,Newby Wyke Bear Island
0,La Rulles Jean Chris Numero 1
0,La Rulles Jean Chris Numero 1
2,Newby Wyke Bear Island
2,Newby Wyke Bear Island
2,Newby Wyke Bear Island
2,Newby Wyke Bear Island
2,Newby Wyke Bear Island
2,Newby Wyke Bear Island
0,La Rulles Jean Chris Numero 1
2,Newby Wyke Bear Island
2,Newby Wyke Bear Island
2,Newby Wyke Bear Island
0,La Rulles Jean Chris Numero 1
2,Newby Wyke Bear Island
2,Newby Wyke Bear Island
2,Newby Wyke Bear Island
0,La Rulles Jean Chris Numero 1
2,Newby Wyke Bear Island
2,Newby Wyke Bear Island
2,Newby Wyke Bear Island
2,Newby Wyke Bear Island
2,Newby Wyke Bear Island
0,La Rulles Jean Chris Numero 1
2,Newby Wyke Bear Island
2,Newby Wyke Bear Island
2,Newby Wyke Bear Island
2,Newby Wyke Bear Island
2,Newby Wyke Bear Island
0,La Rulles Jean Chris Numero 1
2,Newby Wyke Bear Island
2,Newby Wyke Bear Island
2,Newby Wyke Bear Island
2,Newby Wyke Bear Island
0,La Rulles Jean Chris Numero 1
0,La Rulles Jean Chris Numero 1
2,Newby Wyke Bear Island
2,Newby Wyke Bear Island
2,Newby Wyke Bear Island
2,Newby Wyke Bear Island
2,Newby Wyke Bear Island
2,Newby Wyke Bear Island
0,La Rulles Jean Chris Numero 1
2,Newby Wyke Bear Island
2,Newby Wyke Bear Island
2,Newby Wyke Bear Island
2,Newby Wyke Bear Island
2,Newby Wyke Bear Island
2,Newby Wyke Bear Island
2,Newby Wyke Bear Island
2,Newby Wyke Bear Island
2,Newby Wyke Bear Island
2,Newby Wyke Bear Island
0,La Rulles Jean Chris Numero 1
2,Newby Wyke Bear Island
2,Newby Wyke Bear Island
0,La Rulles Jean Chris Numero 1
2,Newby Wyke Bear Island
0,La Rulles Jean Chris Numero 1
2,Newby Wyke Bear Island
2,Newby Wyke Bear Island
2,Newby Wyke Bear Island
0,La Rulles Jean Chris Numero 1
0,La Rulles Jean Chris Numero 1
0,La Rulles Jean Chris Numero 1
2,Newby Wyke Bear Island
0,La Rulles Jean Chris Numero 1
2,Newby Wyke Bear Island
2,Newby Wyke Bear Island
2,Newby Wyke Bear Island
2,Newby Wyke Bear Island
0,La Rulles Jean Chris Numero 1
2,Newby Wyke Bear Island
2,Newby Wyke Bear Island
2,Newby Wyke Bear Island
2,Newby Wyke Bear Island
2,Newby Wyke Bear Island
2,Newby Wyke Bear Island
2,Newby Wyke Bear Island
0,La Rulles Jean Chris Numero 1
2,Newby Wyke Bear Island
2,Newby Wyke Bear Island
0,La Rulles Jean Chris Numero 1
2,Newby Wyke Bear Island
2,Newby Wyke Bear Island
2,Newby Wyke Bear Island
2,Newby Wyke Bear Island
0,La Rulles Jean Chris Numero 1
0,La Rulles Jean Chris Numero 1
2,Newby Wyke Bear Island
2,Newby Wyke Bear Island
0,La Rulles Jean Chris Numero 1
2,Newby Wyke Bear Island
2,Newby Wyke Bear Island
2,Newby Wyke Bear Island
2,Newby Wyke Bear Island
2,Newby Wyke Bear Island
0,La Rulles Jean Chris Numero 1
2,Newby Wyke Bear Island
2,Newby Wyke Bear Island
2,Newby Wyke Bear Island
0,La Rulles Jean Chris Numero 1
2,Newby Wyke Bear Island
2,Newby Wyke Bear Island
2,Newby Wyke Bear Island
2,Newby Wyke Bear Island
2,Newby Wyke Bear Island
2,Newby Wyke Bear Island
2,Newby Wyke Bear Island
2,Newby Wyke Bear Island
0,La Rulles Jean Chris Numero 1
2,Newby Wyke Bear Island
0,La Rulles Jean Chris Numero 1
2,Newby Wyke Bear Island
2,Newby Wyke Bear Island
2,Newby Wyke Bear Island
0,La Rulles Jean Chris Numero 1
2,Newby Wyke Bear Island
2,Newby Wyke Bear Island
2,Newby Wyke Bear Island
2,Newby Wyke Bear Island
2,Newby Wyke Bear Island
2,Newby Wyke Bear Island
2,Newby Wyke Bear Island
2,Newby Wyke Bear Island
2,Newby Wyke Bear Island
2,Newby Wyke Bear Island
0,La Rulles Jean Chris Numero 1
2,Newby Wyke Bear Island
2,Newby Wyke Bear Island
2,Newby Wyke Bear Island
2,Newby Wyke Bear Island
2,Newby Wyke Bear Island
2,Newby Wyke Bear Island
0,La Rulles Jean Chris Numero 1
2,Newby Wyke Bear Island
2,Newby Wyke Bear Island
0,La Rulles Jean Chris Numero 1
2,Newby Wyke Bear Island
2,Newby Wyke Bear Island
2,Newby Wyke Bear Island
2,Newby Wyke Bear Island
2,Newby Wyke Bear Island
2,Newby Wyke Bear Island
2,Newby Wyke Bear Island
0,La Rulles Jean Chris Numero 1
2,Newby Wyke Bear Island
0,La Rulles Jean Chris Numero 1
2,Newby Wyke Bear Island
2,Newby Wyke Bear Island
2,Newby Wyke Bear Island
0,La Rulles Jean Chris Numero 1
0,La Rulles Jean Chris Numero 1
2,Newby Wyke Bear Island
2,Newby Wyke Bear Island
2,Newby Wyke Bear Island
2,Newby Wyke Bear Island
0,La Rulles Jean Chris Numero 1
2,Newby Wyke Bear Island
0,La Rulles Jean Chris Numero 1
2,Newby Wyke Bear Island
2,Newby Wyke Bear Island
0,La Rulles Jean Chris Numero 1
2,Newby Wyke Bear Island
0,La Rulles Jean Chris Numero 1
2,Newby Wyke Bear Island
0,La Rulles Jean Chris Numero 1
0,La Rulles Jean Chris Numero 1
2,Newby Wyke Bear Island
2,Newby Wyke Bear Island
0,La Rulles Jean Chris Numero 1
2,Newby Wyke Bear Island
2,Newby Wyke Bear Island
2,Newby Wyke Bear Island
0,La Rulles Jean Chris Numero 1
2,Newby Wyke Bear Island
2,Newby Wyke Bear Island
2,Newby Wyke Bear Island
2,Newby Wyke Bear Island
2,Newby Wyke Bear Island
2,Newby Wyke Bear Island
2,Newby Wyke Bear Island
2,Newby Wyke Bear Island
2,Newby Wyke Bear Island
2,Newby Wyke Bear Island
2,Newby Wyke Bear Island
0,La Rulles Jean Chris Numero 1
2,Newby Wyke Bear Island
2,Newby Wyke Bear Island
2,Newby Wyke Bear Island
2,Newby Wyke Bear Island
2,Newby Wyke Bear Island
2,Newby Wyke Bear Island
0,La Rulles Jean Chris Numero 1
2,Newby Wyke Bear Island
2,Newby Wyke Bear Island
0,La Rulles Jean Chris Numero 1
2,Newby Wyke Bear Island
0,La Rulles Jean Chris Numero 1
2,Newby Wyke Bear Island
2,Newby Wyke Bear Island
2,Newby Wyke Bear Island
2,Newby Wyke Bear Island
2,Newby Wyke Bear Island
2,Newby Wyke Bear Island
2,Newby Wyke Bear Island
2,Newby Wyke Bear Island
2,Newby Wyke Bear Island
0,La Rulles Jean Chris Numero 1
2,Newby Wyke Bear Island
0,La Rulles Jean Chris Numero 1
0,La Rulles Jean Chris Numero 1
0,La Rulles Jean Chris Numero 1
2,Newby Wyke Bear Island
2,Newby Wyke Bear Island
0,La Rulles Jean Chris Numero 1
2,Newby Wyke Bear Island
2,Newby Wyke Bear Island
2,Newby Wyke Bear Island
2,Newby Wyke Bear Island
0,La Rulles Jean Chris Numero 1
2,Newby Wyke Bear Island
0,La Rulles Jean Chris Numero 1
2,Newby Wyke Bear Island
2,Newby Wyke Bear Island
2,Newby Wyke Bear Island
2,Newby Wyke Bear Island
2,Newby Wyke Bear Island
2,Newby Wyke Bear Island
2,Newby Wyke Bear Island
2,Newby Wyke Bear Island
2,Newby Wyke Bear Island
2,Newby Wyke Bear Island
2,Newby Wyke Bear Island
2,Newby Wyke Bear Island
2,Newby Wyke Bear Island
0,La Rulles Jean Chris Numero 1
2,Newby Wyke Bear Island
2,Newby Wyke Bear Island
2,Newby Wyke Bear Island
2,Newby Wyke Bear Island
2,Newby Wyke Bear Island
2,Newby Wyke Bear Island
0,La Rulles Jean Chris Numero 1
0,La Rulles Jean Chris Numero 1
2,Newby Wyke Bear Island
0,La Rulles Jean Chris Numero 1
0,La Rulles Jean Chris Numero 1
2,Newby Wyke Bear Island
2,Newby Wyke Bear Island
0,La Rulles Jean Chris Numero 1
2,Newby Wyke Bear Island
2,Newby Wyke Bear Island
0,La Rulles Jean Chris Numero 1
0,La Rulles Jean Chris Numero 1
2,Newby Wyke Bear Island
0,La Rulles Jean Chris Numero 1
2,Newby Wyke Bear Island
2,Newby Wyke Bear Island
2,Newby Wyke Bear Island
2,Newby Wyke Bear Island
2,Newby Wyke Bear Island
2,Newby Wyke Bear Island
2,Newby Wyke Bear Island
2,Newby Wyke Bear Island
2,Newby Wyke Bear Island
2,Newby Wyke Bear Island
2,Newby Wyke Bear Island
2,Newby Wyke Bear Island
2,Newby Wyke Bear Island
2,Newby Wyke Bear Island
0,La Rulles Jean Chris Numero 1
2,Newby Wyke Bear Island
0,La Rulles Jean Chris Numero 1
2,Newby Wyke Bear Island
2,Newby Wyke Bear Island
2,Newby Wyke Bear Island
2,Newby Wyke Bear Island
2,Newby Wyke Bear Island
2,Newby Wyke Bear Island
2,Newby Wyke Bear Island
2,Newby Wyke Bear Island
0,La Rulles Jean Chris Numero 1
2,Newby Wyke Bear Island
0,La Rulles Jean Chris Numero 1
2,Newby Wyke Bear Island
2,Newby Wyke Bear Island
2,Newby Wyke Bear Island
0,La Rulles Jean Chris Numero 1
2,Newby Wyke Bear Island
0,La Rulles Jean Chris Numero 1
2,Newby Wyke Bear Island
2,Newby Wyke Bear Island
2,Newby Wyke Bear Island
2,Newby Wyke Bear Island
0,La Rulles Jean Chris Numero 1
2,Newby Wyke Bear Island
0,La Rulles Jean Chris Numero 1
0,La Rulles Jean Chris Numero 1
2,Newby Wyke Bear Island
2,Newby Wyke Bear Island
2,Newby Wyke Bear Island
0,La Rulles Jean Chris Numero 1
2,Newby Wyke Bear Island
2,Newby Wyke Bear Island
2,Newby Wyke Bear Island
0,La Rulles Jean Chris Numero 1
2,Newby Wyke Bear Island
0,La Rulles Jean Chris Numero 1
2,Newby Wyke Bear Island
2,Newby Wyke Bear Island
2,Newby Wyke Bear Island
2,Newby Wyke Bear Island
2,Newby Wyke Bear Island
0,La Rulles Jean Chris Numero 1
2,Newby Wyke Bear Island
0,La Rulles Jean Chris Numero 1
0,La Rulles Jean Chris Numero 1
2,Newby Wyke Bear Island
2,Newby Wyke Bear Island
2,Newby Wyke Bear Island
0,La Rulles Jean Chris Numero 1
0,La Rulles Jean Chris Numero 1
2,Newby Wyke Bear Island
0,La Rulles Jean Chris Numero 1
0,La Rulles Jean Chris Numero 1
2,Newby Wyke Bear Island
2,Newby Wyke Bear Island
0,La Rulles Jean Chris Numero 1
0,La Rulles Jean Chris Numero 1
2,Newby Wyke Bear Island
2,Newby Wyke Bear Island
2,Newby Wyke Bear Island
2,Newby Wyke Bear Island
2,Newby Wyke Bear Island
2,Newby Wyke Bear Island
0,La Rulles Jean Chris Numero 1
0,La Rulles Jean Chris Numero 1
0,La Rulles Jean Chris Numero 1
2,Newby Wyke Bear Island
0,La Rulles Jean Chris Numero 1
2,Newby Wyke Bear Island
2,Newby Wyke Bear Island
0,La Rulles Jean Chris Numero 1
2,Newby Wyke Bear Island
2,Newby Wyke Bear Island
2,Newby Wyke Bear Island
2,Newby Wyke Bear Island
2,Newby Wyke Bear Island
2,Newby Wyke Bear Island
0,La Rulles Jean Chris Numero 1
2,Newby Wyke Bear Island
2,Newby Wyke Bear Island
2,Newby Wyke Bear Island
2,Newby Wyke Bear Island
2,Newby Wyke Bear Island
2,Newby Wyke Bear Island
2,Newby Wyke Bear Island
2,Newby Wyke Bear Island
0,La Rulles Jean Chris Numero 1
2,Newby Wyke Bear Island
0,La Rulles Jean Chris Numero 1
2,Newby Wyke Bear Island
2,Newby Wyke Bear Island
2,Newby Wyke Bear Island
2,Newby Wyke Bear Island
2,Newby Wyke Bear Island
2,Newby Wyke Bear Island
2,Newby Wyke Bear Island
2,Newby Wyke Bear Island
0,La Rulles Jean Chris Numero 1
2,Newby Wyke Bear Island
2,Newby Wyke Bear Island
2,Newby Wyke Bear Island
2,Newby Wyke Bear Island
2,Newby Wyke Bear Island
2,Newby Wyke Bear Island
2,Newby Wyke Bear Island
2,Newby Wyke Bear Island
2,Newby Wyke Bear Island
2,Newby Wyke Bear Island
2,Newby Wyke Bear Island
2,Newby Wyke Bear Island
0,La Rulles Jean Chris Numero 1
2,Newby Wyke Bear Island
2,Newby Wyke Bear Island
2,Newby Wyke Bear Island
2,Newby Wyke Bear Island
2,Newby Wyke Bear Island
0,La Rulles Jean Chris Numero 1
2,Newby Wyke Bear Island
2,Newby Wyke Bear Island
0,La Rulles Jean Chris Numero 1
2,Newby Wyke Bear Island
0,La Rulles Jean Chris Numero 1
0,La Rulles Jean Chris Numero 1
2,Newby Wyke Bear Island
2,Newby Wyke Bear Island
0,La Rulles Jean Chris Numero 1
2,Newby Wyke Bear Island
0,La Rulles Jean Chris Numero 1
2,Newby Wyke Bear Island
2,Newby Wyke Bear Island
2,Newby Wyke Bear Island
2,Newby Wyke Bear Island
2,Newby Wyke Bear Island
2,Newby Wyke Bear Island
2,Newby Wyke Bear Island
2,Newby Wyke Bear Island
2,Newby Wyke Bear Island
2,Newby Wyke Bear Island
2,Newby Wyke Bear Island
2,Newby Wyke Bear Island
2,Newby Wyke Bear Island
0,La Rulles Jean Chris Numero 1
2,Newby Wyke Bear Island
0,La Rulles Jean Chris Numero 1
2,Newby Wyke Bear Island
2,Newby Wyke Bear Island
0,La Rulles Jean Chris Numero 1
2,Newby Wyke Bear Island
0,La Rulles Jean Chris Numero 1
2,Newby Wyke Bear Island
2,Newby Wyke Bear Island
0,La Rulles Jean Chris Numero 1
2,Newby Wyke Bear Island
0,La Rulles Jean Chris Numero 1
2,Newby Wyke Bear Island
2,Newby Wyke Bear Island
2,Newby Wyke Bear Island
2,Newby Wyke Bear Island
2,Newby Wyke Bear Island
0,La Rulles Jean Chris Numero 1
0,La Rulles Jean Chris Numero 1
2,Newby Wyke Bear Island
0,La Rulles Jean Chris Numero 1
2,Newby Wyke Bear Island
2,Newby Wyke Bear Island
0,La Rulles Jean Chris Numero 1
2,Newby Wyke Bear Island
2,Newby Wyke Bear Island
2,Newby Wyke Bear Island
2,Newby Wyke Bear Island
0,La Rulles Jean Chris Numero 1
0,La Rulles Jean Chris Numero 1
0,La Rulles Jean Chris Numero 1
0,La Rulles Jean Chris Numero 1
2,Newby Wyke Bear Island
2,Newby Wyke Bear Island
2,Newby Wyke Bear Island
2,Newby Wyke Bear Island
0,La Rulles Jean Chris Numero 1
2,Newby Wyke Bear Island
2,Newby Wyke Bear Island
2,Newby Wyke Bear Island
2,Newby Wyke Bear Island
2,Newby Wyke Bear Island
2,Newby Wyke Bear Island
0,La Rulles Jean Chris Numero 1
2,Newby Wyke Bear Island
2,Newby Wyke Bear Island
2,Newby Wyke Bear Island
0,La Rulles Jean Chris Numero 1
2,Newby Wyke Bear Island
2,Newby Wyke Bear Island
0,La Rulles Jean Chris Numero 1
2,Newby Wyke Bear Island
2,Newby Wyke Bear Island
2,Newby Wyke Bear Island
2,Newby Wyke Bear Island
2,Newby Wyke Bear Island
2,Newby Wyke Bear Island
2,Newby Wyke Bear Island
2,Newby Wyke Bear Island
2,Newby Wyke Bear Island
2,Newby Wyke Bear Island
0,La Rulles Jean Chris Numero 1
0,La Rulles Jean Chris Numero 1
2,Newby Wyke Bear Island
0,La Rulles Jean Chris Numero 1
0,La Rulles Jean Chris Numero 1
2,Newby Wyke Bear Island
2,Newby Wyke Bear Island
0,La Rulles Jean Chris Numero 1
